date,symbol,open,high,low,close,ltp,volume,amount,stock
2026-03-10,DOLTI,540.6,552.0,519.4,530.0,530.0,17911.0,9560222.7,DOLTI
2026-03-09,DOLTI,520.2,530.6,520.2,530.0,530.0,204.0,108016.4,DOLTI
2026-03-03,DOLTI,502.0,510.0,500.0,510.0,510.0,3317.0,1675079.5,DOLTI
2026-03-01,DOLTI,502.0,508.5,500.0,508.0,508.0,2779.0,1402683.8,DOLTI
2026-02-26,DOLTI,510.0,519.0,508.0,508.0,508.0,1779.0,905519.0,DOLTI
2026-02-25,DOLTI,495.0,513.9,495.0,509.0,509.0,2328.0,1179550.0,DOLTI
2026-02-24,DOLTI,517.0,517.1,503.1,505.1,505.1,1390.0,704943.0,DOLTI
2026-02-23,DOLTI,498.0,528.0,493.0,507.0,507.0,4209.0,2108758.8,DOLTI
2026-02-22,DOLTI,497.9,507.8,497.9,498.0,498.0,4693.0,2355106.0,DOLTI
2026-02-17,DOLTI,509.0,525.0,506.0,508.0,508.0,8488.0,4312986.1,DOLTI
2026-02-16,DOLTI,520.0,520.0,513.0,515.1,515.1,3906.0,2016884.6,DOLTI
2026-02-12,DOLTI,521.8,525.0,520.0,520.0,520.0,7237.0,3772980.6,DOLTI
2026-02-11,DOLTI,521.0,524.0,516.0,521.8,521.8,5690.0,2961168.2,DOLTI
2026-02-10,DOLTI,520.0,536.0,517.1,519.8,519.8,4376.0,2278850.6,DOLTI
2026-02-09,DOLTI,519.0,525.0,516.0,516.1,516.1,5224.0,2714827.4,DOLTI
2026-02-08,DOLTI,531.0,537.0,521.0,526.0,526.0,6696.0,3530808.6,DOLTI
2026-02-05,DOLTI,520.0,530.4,520.0,527.9,527.9,4210.0,2220691.5,DOLTI
2026-02-04,DOLTI,520.0,540.5,519.0,523.0,523.0,4905.0,2566018.8,DOLTI
2026-02-03,DOLTI,519.0,529.3,519.0,519.5,519.5,7646.0,3998120.9,DOLTI
2026-02-02,DOLTI,520.1,540.0,520.0,527.0,527.0,3106.0,1632000.5,DOLTI
2026-02-01,DOLTI,536.5,536.5,525.8,530.0,530.0,9533.0,5055285.2,DOLTI
2026-01-29,DOLTI,550.0,550.0,536.5,544.9,544.9,18024.0,9752667.8,DOLTI
2026-01-28,DOLTI,536.0,546.0,536.0,544.0,544.0,6624.0,3580533.1,DOLTI
2026-01-27,DOLTI,543.9,560.0,542.1,543.0,543.0,21130.0,11635809.0,DOLTI
2026-01-26,DOLTI,530.0,565.0,525.0,555.0,555.0,51077.0,27997876.6,DOLTI
2026-01-25,DOLTI,510.0,535.9,510.0,525.0,525.0,16830.0,8853725.8,DOLTI
2026-01-22,DOLTI,509.0,518.7,509.0,514.0,514.0,4551.0,2336251.0,DOLTI
2026-01-21,DOLTI,518.0,520.0,512.0,514.0,514.0,4969.0,2560387.2,DOLTI
2026-01-20,DOLTI,514.0,519.0,511.5,518.0,518.0,16076.0,8278551.3,DOLTI
2026-01-18,DOLTI,502.1,514.0,502.1,509.0,509.0,5081.0,2581199.6,DOLTI
2026-01-14,DOLTI,510.0,512.0,500.6,511.8,511.8,3853.0,1963777.0,DOLTI
2026-01-13,DOLTI,500.0,510.0,500.0,508.0,508.0,4546.0,2312584.0,DOLTI
2026-01-12,DOLTI,503.2,515.9,503.2,507.7,507.7,3830.0,1943283.3,DOLTI
2026-01-08,DOLTI,507.0,510.0,503.0,509.9,509.9,4901.0,2480950.8,DOLTI
2026-01-07,DOLTI,512.0,512.9,507.0,511.9,511.9,2520.0,1282924.1,DOLTI
2026-01-06,DOLTI,519.8,519.8,510.0,513.0,513.0,5668.0,2910085.4,DOLTI
2026-01-05,DOLTI,500.0,517.8,500.0,513.3,513.3,7932.0,4040484.2,DOLTI
2026-01-04,DOLTI,500.0,517.9,500.0,508.0,508.0,6924.0,3503157.5,DOLTI
2026-01-01,DOLTI,510.0,517.8,508.0,508.0,508.0,8219.0,4193759.0,DOLTI
2025-12-31,DOLTI,515.0,528.8,510.0,514.7,514.7,11231.0,5791549.6,DOLTI
2025-12-29,DOLTI,518.2,521.7,515.0,518.5,518.5,3426.0,1766969.8,DOLTI
2025-12-28,DOLTI,522.7,523.0,512.3,518.2,518.2,2214.0,1145129.4,DOLTI
2025-12-24,DOLTI,527.3,527.3,510.3,512.5,512.5,1402.0,718907.5,DOLTI
2025-12-23,DOLTI,507.0,547.0,505.0,517.0,517.0,2666.0,1373813.1,DOLTI
2025-12-22,DOLTI,508.0,518.1,508.0,510.5,510.5,1602.0,817678.2,DOLTI
2025-12-21,DOLTI,520.0,520.0,512.0,515.0,515.0,4335.0,2227621.5,DOLTI
2025-12-18,DOLTI,518.0,527.9,518.0,520.0,520.0,6182.0,3227481.2,DOLTI
2025-12-17,DOLTI,517.8,539.9,517.8,528.5,528.5,6881.0,3640203.9,DOLTI
2025-12-16,DOLTI,511.5,529.0,511.5,528.3,528.3,3609.0,1896170.8,DOLTI
2025-12-15,DOLTI,509.0,523.0,509.0,521.9,521.9,1975.0,1023448.2,DOLTI
2025-12-14,DOLTI,508.9,525.0,508.9,519.0,519.0,4376.0,2265305.5,DOLTI
2025-12-11,DOLTI,520.3,530.0,518.0,519.2,519.2,3239.0,1689545.3,DOLTI
2025-12-10,DOLTI,544.0,544.0,525.0,530.0,530.0,3887.0,2054679.2,DOLTI
2025-12-09,DOLTI,522.1,541.0,522.1,541.0,541.0,8570.0,4609898.0,DOLTI
2025-12-08,DOLTI,515.0,540.6,514.0,530.3,530.3,7723.0,4086107.2,DOLTI
2025-12-07,DOLTI,525.0,529.0,520.0,520.0,520.0,5891.0,3074790.9,DOLTI
2025-12-03,DOLTI,540.0,540.0,522.0,532.0,532.0,7911.0,4187729.0,DOLTI
2025-12-02,DOLTI,527.3,547.7,520.0,535.0,535.0,7287.0,3956080.5,DOLTI
2025-12-01,DOLTI,529.9,542.0,529.9,538.0,538.0,7597.0,4060595.9,DOLTI
2025-11-30,DOLTI,550.6,560.0,533.0,540.7,540.7,9878.0,5381085.4,DOLTI
2025-11-27,DOLTI,547.1,591.6,547.1,561.8,561.8,10948.0,6129827.1,DOLTI
2025-11-26,DOLTI,534.1,596.0,534.1,558.2,558.2,11030.0,6161953.4,DOLTI
2025-11-25,DOLTI,528.1,550.7,528.1,545.0,545.0,8905.0,4789165.9,DOLTI
2025-11-24,DOLTI,520.2,538.9,520.2,538.8,538.8,11217.0,5975390.0,DOLTI
2025-11-23,DOLTI,507.7,535.0,507.7,530.8,530.8,5778.0,3057501.1,DOLTI
2025-11-20,DOLTI,510.0,530.0,510.0,518.0,518.0,8505.0,4420207.7,DOLTI
2025-11-19,DOLTI,526.0,526.0,510.0,515.0,515.0,2211.0,1143289.8,DOLTI
2025-11-18,DOLTI,512.1,526.3,512.1,519.0,519.0,7425.0,3861178.0,DOLTI
2025-11-17,DOLTI,520.0,524.0,510.1,515.9,515.9,3378.0,1739690.0,DOLTI
2025-11-16,DOLTI,530.0,534.0,513.2,519.0,519.0,6576.0,3423293.4,DOLTI
2025-11-13,DOLTI,509.6,537.6,502.6,531.0,531.0,18881.0,10023672.8,DOLTI
2025-11-12,DOLTI,510.0,520.3,490.1,509.6,509.6,17019.0,8724260.0,DOLTI
2025-11-11,DOLTI,508.8,508.8,493.2,500.0,500.0,3270.0,1626439.0,DOLTI
2025-11-10,DOLTI,502.8,502.8,491.0,498.9,498.9,2729.0,1355812.2,DOLTI
2025-11-09,DOLTI,493.0,499.0,490.2,493.0,493.0,1990.0,982608.2,DOLTI
2025-11-06,DOLTI,505.0,506.0,500.0,500.5,500.5,3320.0,1666533.5,DOLTI
2025-11-05,DOLTI,502.0,506.0,498.0,506.0,506.0,3212.0,1608651.6,DOLTI
2025-11-04,DOLTI,509.7,519.6,502.0,509.8,509.8,4829.0,2443728.5,DOLTI
2025-11-03,DOLTI,510.0,529.1,510.0,519.9,519.9,2067.0,1069805.0,DOLTI
2025-11-02,DOLTI,523.7,523.7,513.0,518.8,518.8,3147.0,1628551.9,DOLTI
2025-10-30,DOLTI,508.0,518.0,498.9,513.5,513.5,5074.0,2583299.2,DOLTI
2025-10-29,DOLTI,503.0,519.0,490.0,500.0,500.0,5385.0,2689991.0,DOLTI
2025-10-28,DOLTI,498.7,508.0,491.1,501.0,501.0,4237.0,2110792.7,DOLTI
2025-10-26,DOLTI,490.0,499.0,470.6,489.0,489.0,3733.0,1775845.1,DOLTI
2025-10-19,DOLTI,488.3,505.0,488.2,497.4,497.4,4195.0,2061344.9,DOLTI
2025-10-16,DOLTI,500.0,500.0,490.0,498.0,498.0,2871.0,1416242.5,DOLTI
2025-10-15,DOLTI,500.0,501.1,492.5,499.8,499.8,1894.0,945172.5,DOLTI
2025-10-14,DOLTI,511.6,511.6,500.0,509.8,509.8,5340.0,2687300.5,DOLTI
2025-10-13,DOLTI,512.0,520.0,497.0,520.0,520.0,5006.0,2522037.0,DOLTI
2025-10-12,DOLTI,520.6,520.6,490.0,502.0,502.0,9901.0,4985361.8,DOLTI
2025-10-09,DOLTI,540.6,551.4,524.0,530.0,530.0,3927.0,2095071.5,DOLTI
2025-10-08,DOLTI,550.0,550.0,508.0,530.0,530.0,9801.0,5065330.5,DOLTI
2025-10-07,DOLTI,556.6,562.0,545.0,545.5,545.5,2425.0,1341283.4,DOLTI
2025-09-28,DOLTI,574.1,584.0,562.7,567.9,567.9,1796.0,1016191.6,DOLTI
2025-09-25,DOLTI,566.5,570.0,555.2,563.0,563.0,2079.0,1175420.8,DOLTI
2025-09-24,DOLTI,543.0,585.0,543.0,578.0,578.0,12321.0,7022807.8,DOLTI
2025-09-23,DOLTI,536.0,555.0,536.0,550.1,550.1,6358.0,3488918.8,DOLTI
2025-09-21,DOLTI,512.0,542.9,502.0,535.21,536.0,7919.0,4208086.5,DOLTI
2025-09-18,DOLTI,522.4,522.4,522.4,522.4,522.4,20.0,10448.0,DOLTI
2025-09-08,DOLTI,531.0,540.0,531.0,532.98,532.2,4642.0,2476960.8,DOLTI
2025-09-07,DOLTI,540.0,559.6,535.0,538.95,538.4,1080.0,584377.4,DOLTI
2025-09-04,DOLTI,535.1,554.9,535.1,542.86,540.2,2246.0,1216182.1,DOLTI
2025-09-03,DOLTI,542.0,545.0,536.0,537.16,536.6,5174.0,2785097.5,DOLTI
2025-09-02,DOLTI,565.0,570.0,539.0,542.89,540.1,9325.0,5107097.6,DOLTI
2025-09-01,DOLTI,550.3,564.9,550.3,559.54,560.0,2975.0,1660052.4,DOLTI
2025-08-31,DOLTI,564.2,578.4,560.0,561.43,560.0,2198.0,1241866.5,DOLTI
2025-08-28,DOLTI,589.0,590.0,570.0,575.28,576.9,6809.0,3916200.5,DOLTI
2025-08-27,DOLTI,574.0,589.0,571.1,578.48,584.0,3613.0,2089336.2,DOLTI
2025-08-26,DOLTI,577.2,588.7,571.1,578.87,577.0,4895.0,2858010.0,DOLTI
2025-08-25,DOLTI,576.0,580.0,570.0,577.2,580.0,2927.0,1683749.5,DOLTI
2025-08-24,DOLTI,592.0,592.0,580.0,580.2,580.0,3623.0,2119210.9,DOLTI
2025-08-21,DOLTI,575.3,619.0,575.3,589.98,592.7,9338.0,5583612.0,DOLTI
2025-08-20,DOLTI,582.0,599.9,582.0,586.99,585.1,1701.0,1001314.5,DOLTI
2025-08-19,DOLTI,615.0,615.0,583.2,591.67,591.0,11974.0,7116111.08,DOLTI
2025-08-18,DOLTI,585.0,619.0,580.0,603.56,602.1,29384.0,17766823.1,DOLTI
2025-08-17,DOLTI,575.1,586.0,575.1,584.26,585.0,6707.0,3900330.1,DOLTI
2025-08-14,DOLTI,571.0,577.0,571.0,575.97,573.0,4149.0,2387363.9,DOLTI
2025-08-13,DOLTI,572.0,580.0,570.0,575.36,576.5,2946.0,1686004.1,DOLTI
2025-08-12,DOLTI,570.0,590.0,570.0,575.98,576.9,7140.0,4146359.5,DOLTI
2025-08-11,DOLTI,565.6,599.9,565.6,576.09,573.4,7151.0,4181435.9,DOLTI
2025-08-07,DOLTI,580.0,587.0,570.3,575.72,575.0,4650.0,2674448.4,DOLTI
2025-08-06,DOLTI,582.0,585.0,571.5,576.07,580.0,4401.0,2545118.8,DOLTI
2025-08-05,DOLTI,586.0,605.0,586.0,587.0,587.0,14383.0,8516799.8,DOLTI
2025-08-04,DOLTI,583.0,600.0,583.0,592.42,595.0,8480.0,5039412.6,DOLTI
2025-08-03,DOLTI,591.0,602.0,590.0,591.64,590.3,11413.0,6770232.6,DOLTI
2025-07-31,DOLTI,602.6,610.0,594.0,595.55,594.0,10332.0,6187122.4,DOLTI
2025-07-30,DOLTI,603.0,615.0,601.0,602.6,602.3,12647.0,7655694.3,DOLTI
2025-07-29,DOLTI,591.0,625.0,591.0,615.29,610.2,17346.0,10688758.5,DOLTI
2025-07-28,DOLTI,602.0,610.0,595.0,600.09,604.0,11498.0,6901797.9,DOLTI
2025-07-27,DOLTI,623.0,626.7,603.0,606.78,609.7,28538.0,17532647.6,DOLTI
2025-07-24,DOLTI,621.0,625.0,590.0,611.15,614.0,41148.0,24906624.2,DOLTI
2025-07-23,DOLTI,638.7,642.0,603.7,614.43,619.9,23303.0,14554771.5,DOLTI
2025-07-22,DOLTI,620.6,633.0,612.5,626.2,625.0,16981.0,10619654.0,DOLTI
2025-07-21,DOLTI,627.0,627.0,600.0,608.47,616.4,21239.0,12916133.9,DOLTI
2025-07-20,DOLTI,610.0,642.6,598.0,615.42,612.0,37070.0,22993998.4,DOLTI
2025-07-17,DOLTI,579.0,605.6,575.3,603.56,601.0,32946.0,19426506.1,DOLTI
2025-07-16,DOLTI,559.0,573.0,559.0,568.48,569.9,19663.0,11135875.4,DOLTI
2025-07-15,DOLTI,558.0,570.0,558.0,560.28,561.0,11070.0,6212003.7,DOLTI
2025-07-14,DOLTI,559.0,570.0,559.0,560.27,560.0,2822.0,1584650.5,DOLTI
2025-07-13,DOLTI,578.1,600.0,560.0,562.12,560.6,4867.0,2753107.8,DOLTI
2025-07-10,DOLTI,573.0,580.0,561.2,566.82,566.0,9537.0,5440800.2,DOLTI
2025-07-09,DOLTI,560.0,580.0,557.3,565.11,565.1,4299.0,2442148.0,DOLTI
2025-07-08,DOLTI,555.0,569.0,551.0,560.1,558.6,2699.0,1512915.3,DOLTI
2025-07-07,DOLTI,562.0,565.0,556.0,558.6,558.4,4550.0,2551358.2,DOLTI
2025-07-06,DOLTI,560.0,577.0,560.0,560.23,560.0,9446.0,5333709.5,DOLTI
2025-07-03,DOLTI,573.0,578.0,565.0,566.26,565.0,7418.0,4236395.0,DOLTI
2025-07-02,DOLTI,561.0,590.0,560.0,574.87,573.0,19290.0,11154481.7,DOLTI
2025-07-01,DOLTI,550.0,562.0,545.0,560.16,559.0,4255.0,2353373.6,DOLTI
2025-06-30,DOLTI,562.0,565.0,550.0,550.61,550.1,6011.0,3319488.1,DOLTI
2025-06-29,DOLTI,555.0,563.9,551.0,559.15,563.0,4746.0,2646137.6,DOLTI
2025-06-26,DOLTI,554.0,579.0,554.0,561.32,560.0,4916.0,2767735.7,DOLTI
2025-06-25,DOLTI,540.0,565.0,540.0,559.12,550.0,5013.0,2783789.0,DOLTI
2025-06-24,DOLTI,565.0,568.0,546.1,547.56,554.0,7008.0,3880329.4,DOLTI
2025-06-23,DOLTI,567.0,568.7,546.6,558.81,561.0,4924.0,2740572.0,DOLTI
2025-06-22,DOLTI,580.0,580.0,555.0,557.6,562.0,9153.0,5145687.4,DOLTI
2025-06-19,DOLTI,569.0,574.9,557.7,570.86,574.6,11806.0,6717759.2,DOLTI
2025-06-18,DOLTI,560.0,578.0,555.0,557.9,558.0,6254.0,3502932.2,DOLTI
2025-06-17,DOLTI,578.0,589.0,559.2,563.28,560.0,5180.0,2914617.0,DOLTI
2025-06-16,DOLTI,586.8,592.0,565.0,567.14,569.8,18365.0,10565753.9,DOLTI
2025-06-15,DOLTI,600.0,600.0,555.0,575.37,575.0,18544.0,10669227.9,DOLTI
2025-06-12,DOLTI,600.1,624.0,591.0,595.61,600.0,29254.0,17702891.9,DOLTI
2025-06-11,DOLTI,610.0,625.0,600.1,604.38,605.0,12347.0,7495475.4,DOLTI
2025-06-10,DOLTI,604.1,640.0,604.1,619.63,618.1,33798.0,20998165.8,DOLTI
2025-06-09,DOLTI,535.1,592.3,535.1,592.3,592.3,21530.0,12319747.5,DOLTI
2025-06-08,DOLTI,525.0,556.0,525.0,538.49,539.9,6706.0,3616793.1,DOLTI
2025-06-05,DOLTI,537.6,547.9,525.0,535.3,528.5,11097.0,5906860.1,DOLTI
2025-06-04,DOLTI,545.0,549.7,538.3,543.75,548.0,10583.0,5731483.1,DOLTI
2025-06-03,DOLTI,545.0,556.0,540.2,548.83,550.0,6279.0,3459084.2,DOLTI
2025-06-02,DOLTI,550.2,555.1,546.0,547.27,546.0,9212.0,5056290.5,DOLTI
2025-05-28,DOLTI,546.3,559.9,546.2,556.57,556.0,5192.0,2881066.8,DOLTI
2025-05-27,DOLTI,544.0,559.0,544.0,555.08,555.0,6385.0,3533352.2,DOLTI
2025-05-26,DOLTI,554.0,564.8,550.0,554.92,559.0,5028.0,2790106.1,DOLTI
2025-05-25,DOLTI,568.0,568.0,548.1,553.78,560.0,2865.0,1584870.6,DOLTI
2025-05-22,DOLTI,555.1,571.2,555.1,558.42,562.0,1533.0,859090.8,DOLTI
2025-05-21,DOLTI,571.0,582.4,560.2,562.32,565.0,11045.0,6288703.3,DOLTI
2025-05-20,DOLTI,545.0,569.1,545.0,559.83,560.0,8121.0,4513906.5,DOLTI
2025-05-19,DOLTI,530.0,554.9,530.0,547.8,551.8,4798.0,2623624.9,DOLTI
2025-05-18,DOLTI,570.0,570.0,535.0,538.78,539.0,13739.0,7532678.0,DOLTI
2025-05-15,DOLTI,571.0,575.0,554.0,564.7,563.0,10815.0,6115559.9,DOLTI
2025-05-14,DOLTI,575.0,590.0,575.0,576.52,575.0,6242.0,3611166.6,DOLTI
2025-05-13,DOLTI,585.0,595.0,575.0,575.05,575.0,5561.0,3221261.6,DOLTI
2025-05-11,DOLTI,610.0,612.0,580.0,581.35,581.9,12241.0,7222857.0,DOLTI
2025-05-08,DOLTI,598.0,610.0,598.0,602.76,602.0,5501.0,3317276.6,DOLTI
2025-05-07,DOLTI,609.9,612.0,595.1,607.22,608.0,10602.0,6423175.4,DOLTI
2025-05-06,DOLTI,599.8,614.0,590.0,603.08,602.1,9072.0,5481082.8,DOLTI
2025-05-05,DOLTI,589.5,623.0,586.0,589.07,586.0,7094.0,4216811.0,DOLTI
2025-05-04,DOLTI,595.0,624.0,575.0,601.5,601.0,15653.0,9297314.2,DOLTI
2025-04-30,DOLTI,608.0,610.0,591.4,594.81,598.0,10054.0,6020642.7,DOLTI
2025-04-29,DOLTI,618.0,618.0,600.0,603.37,600.0,10868.0,6580125.9,DOLTI
2025-04-28,DOLTI,639.9,639.9,600.4,618.68,623.9,16546.0,10199639.1,DOLTI
2025-04-27,DOLTI,644.0,651.0,629.0,629.97,629.0,13169.0,8337025.6,DOLTI
2025-04-24,DOLTI,651.0,668.1,642.0,644.38,644.3,7884.0,5116655.6,DOLTI
2025-04-23,DOLTI,656.1,662.0,651.0,652.3,655.0,7198.0,4700905.0,DOLTI
2025-04-22,DOLTI,666.0,684.9,655.0,658.3,660.0,9177.0,6073309.4,DOLTI
2025-04-21,DOLTI,662.0,669.9,661.0,665.34,668.0,4338.0,2887002.2,DOLTI
2025-04-20,DOLTI,662.0,681.0,660.0,662.9,670.0,6570.0,4395697.4,DOLTI
2025-04-17,DOLTI,676.0,689.9,670.6,674.33,673.0,7752.0,5262871.1,DOLTI
2025-04-16,DOLTI,665.0,679.9,665.0,677.92,672.4,6003.0,4046090.3,DOLTI
2025-04-15,DOLTI,650.1,683.0,650.1,676.87,678.0,7356.0,4988958.4,DOLTI
2025-04-13,DOLTI,663.2,667.0,660.2,662.98,666.0,8009.0,5314282.0,DOLTI
2025-04-10,DOLTI,671.1,679.6,666.0,667.82,666.0,10261.0,6880777.8,DOLTI
2025-04-09,DOLTI,680.0,688.0,670.2,672.39,680.0,3413.0,2304867.0,DOLTI
2025-04-08,DOLTI,675.0,679.0,665.0,674.99,679.0,6056.0,4045686.9,DOLTI
2025-04-07,DOLTI,681.0,688.0,673.4,676.68,673.4,4959.0,3369170.6,DOLTI
2025-04-03,DOLTI,703.0,703.0,685.2,687.08,685.2,9172.0,6324545.1,DOLTI
2025-04-02,DOLTI,705.6,719.0,690.0,691.34,697.6,7573.0,5250145.5,DOLTI
2025-04-01,DOLTI,681.0,703.0,681.0,691.78,692.0,18193.0,12608414.7,DOLTI
2025-03-30,DOLTI,680.0,703.0,680.0,691.84,694.0,9933.0,6904548.5,DOLTI
2025-03-27,DOLTI,672.0,693.0,672.0,686.69,687.0,6418.0,4389910.0,DOLTI
2025-03-26,DOLTI,677.0,688.9,663.2,679.76,682.6,8824.0,5977138.5,DOLTI
2025-03-25,DOLTI,687.0,698.6,673.0,674.41,674.0,14194.0,9618242.2,DOLTI
2025-03-24,DOLTI,700.0,715.0,686.0,700.4,697.0,14519.0,10189808.0,DOLTI
2025-03-23,DOLTI,725.0,737.5,690.0,707.82,710.0,23964.0,17334712.4,DOLTI
2025-03-20,DOLTI,680.0,742.0,677.0,723.72,728.0,43193.0,31177469.3,DOLTI
2025-03-19,DOLTI,665.0,683.0,665.0,677.0,,6678.0,4517431.0,DOLTI
2025-03-18,DOLTI,685.0,690.0,668.0,670.0,,9203.0,6229272.0,DOLTI
2025-03-17,DOLTI,690.0,690.0,672.0,672.0,,11253.0,7641218.1,DOLTI
2025-03-16,DOLTI,706.0,706.0,685.0,689.0,,18790.0,13009015.0,DOLTI
2025-03-12,DOLTI,720.0,720.0,707.0,712.0,,11893.0,8461991.6,DOLTI
2025-03-11,DOLTI,736.0,740.0,712.1,720.0,,9809.0,7056353.3,DOLTI
2026-03-10,EHPL,444.7,453.5,426.0,436.0,436.0,97230.0,42373117.4,EHPL
2026-03-09,EHPL,427.3,436.0,427.3,436.0,436.0,90.0,38888.0,EHPL
2026-03-03,EHPL,412.0,420.0,408.0,419.0,419.0,29633.0,12377871.6,EHPL
2026-03-01,EHPL,406.0,412.9,402.0,412.0,412.0,18925.0,7733650.4,EHPL
2026-02-26,EHPL,415.0,415.0,403.1,410.0,410.0,30496.0,12397156.8,EHPL
2026-02-25,EHPL,407.0,413.3,405.0,407.1,407.1,31879.0,13031237.9,EHPL
2026-02-24,EHPL,405.0,410.0,402.0,406.3,406.3,29209.0,11854283.4,EHPL
2026-02-23,EHPL,405.0,408.9,400.0,405.0,405.0,35058.0,14128159.2,EHPL
2026-02-22,EHPL,413.0,413.0,401.3,402.2,402.2,37378.0,15165154.7,EHPL
2026-02-17,EHPL,424.0,425.0,412.6,413.0,413.0,59323.0,24838371.5,EHPL
2026-02-16,EHPL,431.0,437.0,423.1,424.0,424.0,44770.0,19171132.6,EHPL
2026-02-12,EHPL,425.0,440.0,419.0,430.1,430.1,77369.0,33547696.0,EHPL
2026-02-11,EHPL,421.0,436.0,419.0,419.2,419.2,32844.0,13870025.4,EHPL
2026-02-10,EHPL,422.2,430.0,421.0,424.0,424.0,34990.0,14869391.9,EHPL
2026-02-09,EHPL,431.1,433.9,422.1,423.6,423.6,49141.0,20898196.1,EHPL
2026-02-08,EHPL,445.0,450.0,429.0,430.0,430.0,93799.0,41250681.0,EHPL
2026-02-05,EHPL,435.0,442.5,428.0,436.5,436.5,84954.0,37167261.0,EHPL
2026-02-04,EHPL,434.0,440.0,427.2,430.0,430.0,51858.0,22308060.3,EHPL
2026-02-03,EHPL,426.8,443.0,426.8,429.0,429.0,92241.0,40133238.4,EHPL
2026-02-02,EHPL,440.0,440.0,427.0,430.0,430.0,69772.0,30147543.0,EHPL
2026-02-01,EHPL,458.0,458.0,432.0,435.0,435.0,63485.0,27792931.1,EHPL
2026-01-29,EHPL,441.0,474.0,441.0,449.8,449.8,195251.0,89555155.8,EHPL
2026-01-28,EHPL,423.1,443.1,420.0,441.9,441.9,106573.0,45892097.6,EHPL
2026-01-27,EHPL,435.0,439.0,423.0,423.5,423.5,155434.0,67135131.6,EHPL
2026-01-26,EHPL,430.0,430.0,419.0,427.0,427.0,129822.0,55060496.7,EHPL
2026-01-25,EHPL,410.1,424.0,410.0,422.0,422.0,101184.0,42511369.3,EHPL
2026-01-22,EHPL,417.8,417.8,408.0,411.0,411.0,52174.0,21418890.7,EHPL
2026-01-21,EHPL,424.0,424.0,407.0,410.0,410.0,59883.0,24664081.2,EHPL
2026-01-20,EHPL,421.1,423.8,414.0,416.1,416.1,67651.0,28286974.1,EHPL
2026-01-18,EHPL,425.3,425.3,414.0,417.5,417.5,52997.0,22162131.4,EHPL
2026-01-14,EHPL,415.0,420.0,406.0,417.0,417.0,65757.0,27200004.0,EHPL
2026-01-13,EHPL,408.8,410.0,402.7,407.9,407.9,39435.0,16026835.0,EHPL
2026-01-12,EHPL,397.9,413.0,397.9,402.0,402.0,53976.0,21936532.2,EHPL
2026-01-08,EHPL,410.0,410.0,400.0,406.0,406.0,32623.0,13191711.2,EHPL
2026-01-07,EHPL,419.2,419.2,402.0,402.0,402.0,29109.0,11857840.6,EHPL
2026-01-06,EHPL,422.2,422.2,405.9,411.0,411.0,43285.0,17868692.7,EHPL
2026-01-05,EHPL,398.8,417.0,391.0,414.0,414.0,63398.0,25728289.6,EHPL
2026-01-04,EHPL,390.0,396.4,386.5,391.0,391.0,37968.0,14866799.8,EHPL
2026-01-01,EHPL,402.9,402.9,390.0,390.0,390.0,36417.0,14283773.1,EHPL
2025-12-31,EHPL,398.0,405.0,393.0,395.0,395.0,36803.0,14684021.1,EHPL
2025-12-29,EHPL,406.0,410.0,396.0,398.0,398.0,24441.0,9805102.4,EHPL
2025-12-28,EHPL,398.0,406.0,395.0,405.0,405.0,32204.0,12934055.8,EHPL
2025-12-24,EHPL,397.0,397.0,389.3,393.0,393.0,14407.0,5643396.1,EHPL
2025-12-23,EHPL,396.1,399.8,389.0,391.1,391.1,42745.0,16732934.4,EHPL
2025-12-22,EHPL,401.0,402.5,393.0,394.0,394.0,45829.0,18134843.8,EHPL
2025-12-21,EHPL,407.5,412.0,400.0,401.1,401.1,30336.0,12287509.0,EHPL
2025-12-18,EHPL,405.1,408.0,401.2,407.0,407.0,38908.0,15782100.8,EHPL
2025-12-17,EHPL,418.0,421.0,403.8,405.1,405.1,78739.0,32198194.6,EHPL
2025-12-16,EHPL,414.6,436.0,410.0,418.0,418.0,76803.0,31899943.6,EHPL
2025-12-15,EHPL,419.0,423.8,413.3,423.0,423.0,35834.0,14995089.3,EHPL
2025-12-14,EHPL,425.0,442.1,412.0,416.9,416.9,88921.0,37420317.2,EHPL
2025-12-11,EHPL,430.0,445.0,418.0,430.0,430.0,67481.0,28917775.4,EHPL
2025-12-10,EHPL,423.2,431.8,423.2,425.0,425.0,55130.0,23577703.4,EHPL
2025-12-09,EHPL,430.0,435.0,425.0,431.8,431.8,23128.0,9939899.1,EHPL
2025-12-08,EHPL,437.5,446.0,421.6,435.2,435.2,102558.0,44085966.4,EHPL
2025-12-07,EHPL,437.0,443.0,427.0,429.0,429.0,71475.0,30926615.4,EHPL
2025-12-03,EHPL,436.1,471.0,435.0,445.0,445.0,53796.0,23766109.3,EHPL
2025-12-02,EHPL,440.0,450.0,431.3,445.0,445.0,65717.0,28999286.4,EHPL
2025-12-01,EHPL,435.0,452.0,430.0,433.0,433.0,79474.0,34845637.8,EHPL
2025-11-30,EHPL,450.8,464.0,436.0,437.9,437.9,79939.0,35640753.2,EHPL
2025-11-27,EHPL,449.9,464.9,441.2,460.0,460.0,86536.0,39275030.8,EHPL
2025-11-26,EHPL,437.1,459.0,437.1,459.0,459.0,83744.0,37439101.3,EHPL
2025-11-25,EHPL,445.9,456.5,440.0,446.0,446.0,53118.0,23729912.8,EHPL
2025-11-24,EHPL,431.2,462.0,431.2,454.9,454.9,268480.0,120680462.0,EHPL
2025-11-23,EHPL,439.0,445.7,431.1,440.0,440.0,94902.0,41403215.6,EHPL
2025-11-20,EHPL,414.6,445.0,414.6,440.0,440.0,138176.0,59490465.0,EHPL
2025-11-19,EHPL,428.4,428.4,411.3,423.0,423.0,76330.0,31816932.4,EHPL
2025-11-18,EHPL,408.0,431.0,408.0,420.0,420.0,53418.0,22451110.4,EHPL
2025-11-17,EHPL,416.0,421.0,411.4,415.8,415.8,88467.0,36830551.5,EHPL
2025-11-16,EHPL,417.0,431.0,415.0,423.0,423.0,146592.0,62073847.7,EHPL
2025-11-13,EHPL,433.0,433.0,409.0,417.0,417.0,56787.0,23765988.0,EHPL
2025-11-12,EHPL,446.0,446.0,428.0,433.0,433.0,54486.0,23627350.9,EHPL
2025-11-11,EHPL,420.0,450.0,407.0,441.0,441.0,218500.0,94812529.9,EHPL
2025-11-10,EHPL,397.9,415.0,395.0,414.9,414.9,107571.0,43355566.0,EHPL
2025-11-09,EHPL,398.4,403.0,393.2,397.9,397.9,92027.0,36485784.7,EHPL
2025-11-06,EHPL,423.0,423.0,402.0,406.5,406.5,45631.0,18669709.8,EHPL
2025-11-05,EHPL,430.4,430.4,418.0,419.0,419.0,46357.0,19527486.0,EHPL
2025-11-04,EHPL,407.5,445.0,385.0,422.0,422.0,341830.0,138223309.0,EHPL
2025-11-03,EHPL,453.0,453.0,415.8,415.8,415.8,54220.0,22566609.0,EHPL
2025-11-02,EHPL,459.8,469.0,441.7,462.0,462.0,6149.0,2845017.7,EHPL
2025-10-30,EHPL,458.7,477.3,445.0,469.0,469.0,5031.0,2292165.0,EHPL
2025-10-29,EHPL,489.1,489.1,461.0,468.0,468.0,1494.0,701160.1,EHPL
2025-10-28,EHPL,438.7,479.6,431.0,479.6,479.6,8436.0,3767472.4,EHPL
2025-10-26,EHPL,445.0,449.0,422.7,447.6,447.6,5670.0,2459075.5,EHPL
2025-10-19,EHPL,448.0,459.0,441.0,449.9,449.9,856.0,385609.1,EHPL
2025-10-16,EHPL,474.0,479.0,455.0,457.0,457.0,1722.0,791524.4,EHPL
2025-10-15,EHPL,460.6,471.0,455.0,471.0,471.0,3330.0,1534998.0,EHPL
2025-10-14,EHPL,487.0,487.0,462.0,470.0,470.0,4715.0,2200144.5,EHPL
2025-10-13,EHPL,475.0,483.0,474.0,480.0,480.0,526.0,250393.0,EHPL
2025-10-12,EHPL,495.0,495.0,469.0,484.0,484.0,4880.0,2304664.5,EHPL
2025-10-09,EHPL,515.0,525.0,493.0,495.0,495.0,970.0,490780.0,EHPL
2025-10-08,EHPL,508.0,508.5,497.9,507.8,507.8,2727.0,1376589.7,EHPL
2025-10-07,EHPL,519.7,520.0,502.0,517.9,517.9,5338.0,2738338.5,EHPL
2025-09-28,EHPL,531.0,533.0,526.4,530.0,530.0,4080.0,2160877.9,EHPL
2025-09-25,EHPL,543.0,553.8,533.0,540.0,540.0,1987.0,1065434.5,EHPL
2025-09-24,EHPL,536.0,550.0,526.1,543.0,543.0,2707.0,1462585.1,EHPL
2025-09-23,EHPL,538.0,547.0,521.0,546.9,546.9,3001.0,1608502.2,EHPL
2025-09-21,EHPL,516.0,540.0,485.7,530.6,540.0,7551.0,3871863.9,EHPL
2025-09-08,EHPL,519.5,527.0,497.5,526.35,527.0,1655.0,843136.1,EHPL
2025-09-07,EHPL,534.0,534.5,523.5,528.09,530.0,1566.0,826191.0,EHPL
2025-09-04,EHPL,528.3,536.0,521.0,524.29,524.0,5624.0,2967869.1,EHPL
2025-09-03,EHPL,549.0,559.8,535.0,539.03,535.0,3375.0,1835519.5,EHPL
2025-09-02,EHPL,585.0,585.0,556.5,559.32,565.0,2539.0,1446744.1,EHPL
2025-09-01,EHPL,566.0,576.0,561.5,576.0,576.0,1330.0,754636.5,EHPL
2025-08-31,EHPL,576.1,599.0,575.2,576.75,576.5,1592.0,918567.0,EHPL
2025-08-28,EHPL,585.0,596.0,585.0,587.75,587.4,2305.0,1355117.0,EHPL
2025-08-27,EHPL,579.0,599.0,579.0,592.66,598.0,3294.0,1950411.0,EHPL
2025-08-26,EHPL,593.7,605.0,576.3,588.05,589.0,783.0,459030.0,EHPL
2025-08-25,EHPL,587.0,592.6,577.5,582.08,592.6,1675.0,974733.0,EHPL
2025-08-24,EHPL,589.6,598.0,589.6,591.59,590.1,809.0,480337.0,EHPL
2025-08-21,EHPL,593.2,616.0,593.2,601.55,614.9,5742.0,3440612.0,EHPL
2025-08-20,EHPL,624.9,625.5,603.0,604.91,603.0,872.0,535902.5,EHPL
2025-08-19,EHPL,599.0,620.9,599.0,614.75,617.9,6346.0,3886591.0,EHPL
2025-08-18,EHPL,580.0,590.0,570.2,587.85,590.0,2971.0,1730564.6,EHPL
2025-08-17,EHPL,600.0,600.0,588.0,589.28,593.0,1457.0,861769.4,EHPL
2025-08-14,EHPL,585.0,599.0,585.0,589.35,595.0,5540.0,3267212.6,EHPL
2025-08-13,EHPL,594.0,602.0,591.0,595.09,599.0,2355.0,1402198.1,EHPL
2025-08-12,EHPL,603.7,625.0,603.7,605.45,605.0,4104.0,2493859.3,EHPL
2025-08-11,EHPL,620.0,644.0,605.2,615.89,624.0,4217.0,2612575.2,EHPL
2025-08-07,EHPL,601.3,629.4,601.3,618.12,625.0,2189.0,1360525.7,EHPL
2025-08-06,EHPL,604.6,620.0,604.6,613.53,619.0,2818.0,1735227.2,EHPL
2025-08-05,EHPL,620.0,630.0,615.0,627.0,627.0,2520.0,1559358.4,EHPL
2025-08-04,EHPL,606.1,654.0,606.1,621.1,621.1,1489.0,928371.0,EHPL
2025-08-03,EHPL,651.2,651.2,617.6,618.42,620.0,8528.0,5359110.5,EHPL
2025-07-31,EHPL,635.8,660.0,635.8,638.46,636.1,8130.0,5241011.8,EHPL
2025-07-30,EHPL,635.0,669.4,635.0,648.48,650.0,13845.0,9081039.8,EHPL
2025-07-29,EHPL,630.0,681.8,630.0,647.5,647.5,8839.0,5778642.3,EHPL
2025-07-28,EHPL,651.0,651.0,627.0,642.79,642.0,9340.0,5933029.7,EHPL
2025-07-27,EHPL,650.0,659.7,640.0,640.51,640.0,10137.0,6570566.5,EHPL
2025-07-24,EHPL,657.0,660.0,640.0,647.52,650.0,13205.0,8542623.4,EHPL
2025-07-23,EHPL,649.0,658.9,635.0,646.25,645.0,7416.0,4769755.1,EHPL
2025-07-22,EHPL,667.0,667.0,647.0,659.29,662.9,7169.0,4690879.7,EHPL
2025-07-21,EHPL,635.2,669.0,622.7,654.76,659.0,14635.0,9355653.6,EHPL
2025-07-20,EHPL,646.3,685.0,620.9,648.03,643.1,23048.0,15050087.4,EHPL
2025-07-17,EHPL,568.0,634.2,568.0,633.72,634.0,22651.0,13909211.0,EHPL
2025-07-16,EHPL,567.0,580.0,566.2,576.61,579.9,7109.0,4089418.6,EHPL
2025-07-15,EHPL,563.0,573.0,560.1,570.0,570.0,1450.0,820196.5,EHPL
2025-07-14,EHPL,565.0,565.0,555.6,555.6,555.6,1933.0,1081614.3,EHPL
2025-07-13,EHPL,570.0,590.0,565.0,566.07,568.0,3076.0,1754286.5,EHPL
2025-07-10,EHPL,560.0,569.0,555.0,568.28,568.0,4501.0,2531433.0,EHPL
2025-07-09,EHPL,552.0,569.0,552.0,561.92,562.0,1953.0,1096388.0,EHPL
2025-07-08,EHPL,550.0,565.0,550.0,551.1,551.1,477.0,265258.0,EHPL
2025-07-07,EHPL,565.0,565.0,548.0,556.5,559.9,2932.0,1625572.0,EHPL
2025-07-06,EHPL,561.0,583.6,559.0,566.15,559.0,6852.0,3921589.2,EHPL
2025-07-03,EHPL,583.3,583.3,571.0,571.85,571.0,2341.0,1341597.8,EHPL
2025-07-02,EHPL,548.3,580.0,548.3,571.95,573.0,6521.0,3738090.0,EHPL
2025-07-01,EHPL,537.1,572.0,537.1,557.14,562.0,3134.0,1746616.2,EHPL
2025-06-30,EHPL,550.0,556.0,544.9,545.78,545.7,2241.0,1226112.2,EHPL
2025-06-29,EHPL,540.0,550.0,540.0,548.9,550.0,2010.0,1098724.0,EHPL
2025-06-26,EHPL,532.2,562.0,532.2,540.08,540.0,2944.0,1600454.1,EHPL
2025-06-25,EHPL,533.5,544.0,533.5,540.21,544.0,3460.0,1855078.1,EHPL
2025-06-24,EHPL,549.8,550.0,540.0,543.75,547.0,3558.0,1943075.9,EHPL
2025-06-23,EHPL,540.0,549.5,540.0,540.19,540.2,1501.0,812137.1,EHPL
2025-06-22,EHPL,555.0,555.0,541.1,544.62,543.9,1801.0,981044.6,EHPL
2025-06-19,EHPL,552.1,567.8,546.6,548.19,553.7,3068.0,1695272.9,EHPL
2025-06-18,EHPL,555.0,564.8,555.0,556.71,557.0,1912.0,1064947.3,EHPL
2025-06-17,EHPL,574.0,575.0,552.0,554.38,559.9,2304.0,1283694.7,EHPL
2025-06-16,EHPL,557.0,582.3,555.2,564.49,562.1,3053.0,1738830.7,EHPL
2025-06-15,EHPL,575.0,575.0,551.0,561.12,564.0,6364.0,3540879.4,EHPL
2025-06-12,EHPL,558.0,581.0,558.0,564.9,563.7,3835.0,2180050.3,EHPL
2025-06-11,EHPL,580.0,589.8,569.0,569.27,569.1,2094.0,1203471.4,EHPL
2025-06-10,EHPL,580.0,590.0,570.0,584.96,586.9,7905.0,4550522.1,EHPL
2025-06-09,EHPL,560.8,576.8,550.1,571.41,571.1,8710.0,4924063.3,EHPL
2025-06-08,EHPL,545.5,560.0,545.0,550.62,558.0,5886.0,3249956.0,EHPL
2025-06-05,EHPL,545.0,555.0,545.0,546.65,550.0,2976.0,1634247.0,EHPL
2025-06-04,EHPL,560.0,560.0,543.6,544.88,546.0,4803.0,2629321.0,EHPL
2025-06-03,EHPL,560.0,565.0,550.0,555.31,558.0,1337.0,743881.0,EHPL
2025-06-02,EHPL,564.9,564.9,550.0,556.21,560.0,2015.0,1115382.0,EHPL
2025-05-28,EHPL,561.0,571.7,551.0,553.86,555.0,4986.0,2782531.7,EHPL
2025-05-27,EHPL,565.6,575.0,565.0,569.68,569.7,3069.0,1741778.8,EHPL
2025-05-26,EHPL,591.6,603.4,568.0,572.95,568.0,4978.0,2886257.3,EHPL
2025-05-25,EHPL,585.0,587.0,579.0,580.04,580.1,1558.0,906623.6,EHPL
2025-05-22,EHPL,591.5,599.0,580.8,587.1,595.0,2170.0,1277581.0,EHPL
2025-05-21,EHPL,599.3,600.0,586.0,594.52,595.0,6980.0,4142108.0,EHPL
2025-05-20,EHPL,578.0,599.0,572.4,587.56,587.4,5953.0,3495030.1,EHPL
2025-05-19,EHPL,588.0,590.0,579.0,582.81,579.1,1597.0,932786.0,EHPL
2025-05-18,EHPL,595.0,599.0,574.0,578.0,576.0,5539.0,3215949.1,EHPL
2025-05-15,EHPL,595.0,595.0,580.0,589.22,590.0,3570.0,2091386.8,EHPL
2025-05-14,EHPL,584.0,595.6,584.0,586.84,584.0,2438.0,1433436.4,EHPL
2025-05-13,EHPL,595.0,606.0,588.2,593.0,589.0,3595.0,2147901.8,EHPL
2025-05-11,EHPL,625.7,625.7,595.2,597.41,595.6,11971.0,7223857.0,EHPL
2025-05-08,EHPL,633.0,640.0,603.0,613.47,603.0,12349.0,7691901.8,EHPL
2025-05-07,EHPL,594.6,640.0,590.9,633.22,630.0,14027.0,8642045.2,EHPL
2025-05-06,EHPL,576.8,600.0,576.8,583.01,598.8,20514.0,11947867.4,EHPL
2025-05-05,EHPL,604.0,604.0,584.0,588.52,592.9,6700.0,3956227.5,EHPL
2025-05-04,EHPL,612.0,617.0,600.1,602.39,601.2,2675.0,1628986.0,EHPL
2025-04-30,EHPL,620.0,623.0,611.1,614.53,618.5,4919.0,3026134.0,EHPL
2025-04-29,EHPL,641.0,641.0,620.2,623.57,624.5,10416.0,6546987.5,EHPL
2025-04-28,EHPL,648.0,660.0,640.0,640.52,643.0,3653.0,2361469.6,EHPL
2025-04-27,EHPL,648.4,669.9,646.8,659.27,663.0,6016.0,3938890.0,EHPL
2025-04-24,EHPL,675.0,675.0,650.0,661.54,664.8,4679.0,3067607.0,EHPL
2025-04-23,EHPL,657.0,674.0,655.5,662.48,662.0,5164.0,3418546.6,EHPL
2025-04-22,EHPL,680.0,684.9,667.9,668.03,667.9,4241.0,2850158.5,EHPL
2025-04-21,EHPL,676.0,687.0,671.5,675.5,680.0,4233.0,2879267.4,EHPL
2025-04-20,EHPL,688.0,698.0,678.0,680.43,681.0,5729.0,3933751.0,EHPL
2025-04-17,EHPL,698.3,698.3,684.0,689.93,692.5,8918.0,6153497.6,EHPL
2025-04-16,EHPL,680.0,690.8,670.0,684.69,687.0,5317.0,3620122.9,EHPL
2025-04-15,EHPL,665.6,690.0,665.6,680.22,680.0,4472.0,3058928.6,EHPL
2025-04-13,EHPL,675.0,680.0,671.0,678.66,675.0,5038.0,3408415.8,EHPL
2025-04-10,EHPL,685.0,685.0,668.2,679.14,671.0,10274.0,6938339.4,EHPL
2025-04-09,EHPL,690.0,690.0,675.0,677.88,677.9,5515.0,3747972.5,EHPL
2025-04-08,EHPL,670.6,688.5,667.2,679.25,681.7,3674.0,2474009.3,EHPL
2025-04-07,EHPL,699.9,700.0,680.5,684.28,683.5,10154.0,6963407.0,EHPL
2025-04-03,EHPL,710.0,710.0,659.1,688.53,659.1,34780.0,24150309.4,EHPL
2025-04-02,EHPL,700.0,711.0,691.0,699.94,700.0,25035.0,17556012.8,EHPL
2025-04-01,EHPL,712.0,712.0,677.0,692.54,697.9,4283.0,2957666.3,EHPL
2025-03-30,EHPL,703.8,717.5,691.0,700.0,707.8,12067.0,8523534.4,EHPL
2025-03-27,EHPL,711.0,711.9,690.0,692.79,700.0,15407.0,10709407.0,EHPL
2025-03-26,EHPL,695.5,710.9,663.5,703.59,698.0,49111.0,34337656.9,EHPL
2025-03-25,EHPL,727.3,730.0,676.2,684.86,697.9,14632.0,10226020.6,EHPL
2025-03-24,EHPL,750.0,768.0,732.0,737.95,733.1,2639.0,1961944.9,EHPL
2025-03-23,EHPL,760.3,790.6,745.0,752.09,758.9,4777.0,3612291.5,EHPL
2025-03-20,EHPL,754.0,779.9,754.0,775.78,775.0,41010.0,31811213.0,EHPL
2025-03-19,EHPL,781.0,790.0,747.0,768.0,,10779.0,8230361.0,EHPL
2025-03-18,EHPL,790.0,794.0,763.0,780.9,,4844.0,3745195.6,EHPL
2025-03-17,EHPL,765.0,795.0,756.0,791.0,,13394.0,10335204.8,EHPL
2025-03-16,EHPL,801.0,815.0,765.0,766.0,,11877.0,9350185.7,EHPL
2025-03-12,EHPL,813.4,835.7,797.2,801.0,,33263.0,27105220.6,EHPL
2025-03-11,EHPL,835.0,835.0,800.1,830.0,,34842.0,28052865.1,EHPL
2026-03-10,SMH,673.2,686.2,652.0,660.0,660.0,56694.0,37656300.2,SMH
2026-03-09,SMH,647.0,660.0,647.0,660.0,660.0,150.0,97696.0,SMH
2026-03-03,SMH,627.0,635.0,622.3,635.0,635.0,10407.0,6557122.3,SMH
2026-03-01,SMH,612.5,626.0,612.5,626.0,626.0,9111.0,5664336.1,SMH
2026-02-26,SMH,646.0,671.0,618.0,625.0,625.0,34375.0,21799552.8,SMH
2026-02-25,SMH,603.0,650.7,603.0,646.0,646.0,61139.0,38909591.4,SMH
2026-02-24,SMH,712.8,727.0,703.0,710.0,710.0,135815.0,96216067.7,SMH
2026-02-23,SMH,701.0,711.0,698.5,699.0,699.0,94675.0,66440426.7,SMH
2026-02-22,SMH,716.5,716.5,689.0,699.9,699.9,118791.0,82965591.7,SMH
2026-02-17,SMH,796.1,796.1,731.1,731.1,731.1,86038.0,63159798.4,SMH
2026-02-16,SMH,806.9,835.0,800.0,812.3,812.3,7139.0,5851883.9,SMH
2026-02-12,SMH,834.0,849.0,818.0,823.3,823.3,6435.0,5353150.8,SMH
2026-02-11,SMH,900.0,900.0,811.0,835.0,835.0,16377.0,13805152.7,SMH
2026-02-10,SMH,907.2,907.2,875.0,892.0,892.0,8940.0,7967830.8,SMH
2026-02-09,SMH,950.3,1024.8,861.0,890.0,890.0,36942.0,34107643.2,SMH
2026-02-08,SMH,863.9,931.7,863.9,931.7,931.7,10231.0,9528137.1,SMH
2026-02-05,SMH,785.4,847.0,785.4,847.0,847.0,2768.0,2340295.0,SMH
2026-02-04,SMH,714.0,770.0,714.0,770.0,770.0,4498.0,3461959.0,SMH
2026-02-03,SMH,723.8,723.8,696.3,700.0,700.0,2485.0,1739722.8,SMH
2026-02-02,SMH,720.0,724.5,695.0,710.0,710.0,4845.0,3447090.7,SMH
2026-02-01,SMH,733.0,733.0,719.4,720.0,720.0,2000.0,1445936.8,SMH
2026-01-29,SMH,753.0,765.0,731.0,747.9,747.9,1215.0,899990.0,SMH
2026-01-28,SMH,754.9,758.0,738.0,753.0,753.0,4219.0,3164568.3,SMH
2026-01-27,SMH,716.0,769.0,716.0,750.0,750.0,13637.0,10060898.0,SMH
2026-01-26,SMH,725.0,725.0,720.0,722.0,722.0,2754.0,1989129.6,SMH
2026-01-25,SMH,728.0,732.0,718.9,725.0,725.0,3316.0,2405085.1,SMH
2026-01-22,SMH,739.0,739.0,719.0,728.0,728.0,1326.0,962798.6,SMH
2026-01-21,SMH,745.0,745.0,720.7,728.0,728.0,2136.0,1548725.2,SMH
2026-01-20,SMH,740.0,749.0,720.2,733.0,733.0,2776.0,2032074.7,SMH
2026-01-18,SMH,730.0,770.0,702.0,730.0,730.0,21157.0,15936305.7,SMH
2026-01-14,SMH,712.0,731.8,712.0,716.0,716.0,3485.0,2511611.5,SMH
2026-01-13,SMH,711.0,735.0,685.1,722.0,722.0,21076.0,14712060.1,SMH
2026-01-12,SMH,740.0,740.0,713.7,725.0,725.0,2724.0,1961442.0,SMH
2026-01-08,SMH,738.0,738.0,716.1,728.0,728.0,3326.0,2413334.7,SMH
2026-01-07,SMH,719.0,745.0,705.2,725.1,725.1,6874.0,5001136.8,SMH
2026-01-06,SMH,710.0,717.0,700.4,710.0,710.0,2575.0,1812312.5,SMH
2026-01-05,SMH,691.1,714.0,691.1,708.0,708.0,2485.0,1749269.4,SMH
2026-01-04,SMH,696.1,714.8,690.0,703.0,703.0,3839.0,2674906.4,SMH
2026-01-01,SMH,705.0,710.0,693.8,710.0,710.0,2187.0,1526047.8,SMH
2025-12-31,SMH,708.1,715.0,696.0,707.9,707.9,5760.0,4039640.9,SMH
2025-12-29,SMH,732.0,740.0,700.0,720.0,720.0,4947.0,3532283.9,SMH
2025-12-28,SMH,721.0,735.0,720.2,731.0,731.0,1391.0,1011097.2,SMH
2025-12-24,SMH,735.0,735.6,721.2,734.5,734.5,1906.0,1385262.5,SMH
2025-12-23,SMH,741.1,755.0,736.0,746.9,746.9,555.0,410900.0,SMH
2025-12-22,SMH,742.1,750.0,742.1,749.9,749.9,1188.0,884378.1,SMH
2025-12-21,SMH,748.5,756.0,742.2,755.0,755.0,570.0,428645.0,SMH
2025-12-18,SMH,759.1,780.0,753.0,753.0,753.0,1077.0,816280.2,SMH
2025-12-17,SMH,750.0,795.0,750.0,774.0,774.0,890.0,679931.0,SMH
2025-12-16,SMH,748.0,765.0,747.0,750.7,750.7,760.0,572297.0,SMH
2025-12-15,SMH,752.1,763.0,752.1,755.2,755.2,590.0,446086.0,SMH
2025-12-14,SMH,758.0,765.0,758.0,765.0,765.0,155.0,117787.0,SMH
2025-12-11,SMH,754.6,777.2,748.0,772.0,772.0,260.0,198972.0,SMH
2025-12-10,SMH,751.0,770.0,751.0,770.0,770.0,328.0,249437.0,SMH
2025-12-09,SMH,758.0,761.0,752.4,760.0,760.0,1676.0,1267622.0,SMH
2025-12-08,SMH,763.0,778.0,750.0,772.0,772.0,1764.0,1345797.0,SMH
2025-12-07,SMH,760.7,778.0,760.7,778.0,778.0,2125.0,1637191.0,SMH
2025-12-03,SMH,803.0,803.0,774.2,776.0,776.0,406.0,316068.0,SMH
2025-12-02,SMH,783.1,796.0,782.0,790.0,790.0,226.0,177723.6,SMH
2025-12-01,SMH,776.0,806.0,775.1,796.0,796.0,810.0,636846.5,SMH
2025-11-30,SMH,783.0,814.0,773.1,775.0,775.0,1017.0,803731.8,SMH
2025-11-27,SMH,815.0,815.0,782.1,783.4,783.4,486.0,382990.6,SMH
2025-11-26,SMH,777.2,815.0,777.2,801.0,801.0,569.0,453428.0,SMH
2025-11-25,SMH,800.0,805.0,788.0,789.0,789.0,1656.0,1320115.0,SMH
2025-11-24,SMH,795.0,815.0,787.0,815.0,815.0,3671.0,2949770.1,SMH
2025-11-23,SMH,795.0,805.9,780.1,801.8,801.8,2937.0,2339981.7,SMH
2025-11-20,SMH,785.0,800.0,759.5,795.0,795.0,3085.0,2409892.0,SMH
2025-11-19,SMH,764.9,790.0,761.6,775.0,775.0,4049.0,3155026.3,SMH
2025-11-18,SMH,751.5,764.9,750.0,750.0,750.0,5595.0,4243807.5,SMH
2025-11-17,SMH,752.0,752.0,737.2,751.0,751.0,710.0,525465.0,SMH
2025-11-16,SMH,738.1,752.0,738.1,752.0,752.0,80.0,59265.0,SMH
2025-11-13,SMH,762.0,762.0,733.0,751.9,751.9,812.0,600428.0,SMH
2025-11-12,SMH,774.0,774.0,744.0,748.5,748.5,520.0,394905.0,SMH
2025-11-11,SMH,747.0,770.0,731.0,760.0,760.0,1822.0,1351949.0,SMH
2025-11-10,SMH,760.0,762.0,747.0,758.9,758.9,792.0,593985.8,SMH
2025-11-09,SMH,748.0,765.0,748.0,762.0,762.0,2592.0,1956354.5,SMH
2025-11-06,SMH,746.1,775.0,746.1,760.0,760.0,189.0,143426.7,SMH
2025-11-05,SMH,751.0,780.0,725.0,760.0,760.0,4428.0,3293508.0,SMH
2025-11-04,SMH,794.7,794.7,755.1,766.0,766.0,5018.0,3839551.0,SMH
2025-11-03,SMH,786.0,799.9,770.0,784.0,784.0,1512.0,1175711.6,SMH
2025-11-02,SMH,790.0,805.0,776.0,786.1,786.1,3166.0,2511136.0,SMH
2025-10-30,SMH,785.4,799.9,770.0,776.0,776.0,806.0,632404.2,SMH
2025-10-29,SMH,779.1,784.9,765.0,770.0,770.0,1911.0,1473858.1,SMH
2025-10-28,SMH,775.0,802.9,746.3,795.0,795.0,4720.0,3613149.2,SMH
2025-10-26,SMH,806.8,806.8,763.0,787.9,787.9,615.0,479244.9,SMH
2025-10-19,SMH,840.0,841.4,776.6,823.2,823.2,555.0,440012.5,SMH
2025-10-16,SMH,828.1,843.6,786.2,825.0,825.0,1290.0,1032069.8,SMH
2025-10-14,SMH,790.0,845.0,790.0,845.0,845.0,612.0,491094.0,SMH
2025-10-13,SMH,834.0,841.5,777.3,806.0,806.0,542.0,438108.0,SMH
2025-10-12,SMH,823.0,830.0,813.4,825.0,825.0,610.0,500054.0,SMH
2025-10-09,SMH,851.4,859.0,818.2,834.0,834.0,940.0,794894.0,SMH
2025-10-08,SMH,833.0,834.8,820.0,834.8,834.8,468.0,387127.0,SMH
2025-10-07,SMH,872.0,872.0,824.0,850.0,850.0,1169.0,979139.8,SMH
2025-09-28,SMH,900.0,900.0,871.0,889.7,889.7,1861.0,1650444.9,SMH
2025-09-25,SMH,910.0,910.0,856.6,889.8,889.8,166.0,147075.1,SMH
2025-09-24,SMH,894.0,897.6,869.9,895.9,895.9,1242.0,1087977.8,SMH
2025-09-23,SMH,840.0,889.0,840.0,889.0,889.0,4572.0,3977453.5,SMH
2025-09-21,SMH,831.0,849.0,790.1,824.0,821.0,3264.0,2695222.0,SMH
2025-09-08,SMH,848.0,877.0,816.0,816.11,816.0,1699.0,1411510.7,SMH
2025-09-07,SMH,835.0,865.0,800.1,832.05,831.0,1101.0,922272.7,SMH
2025-09-04,SMH,860.0,861.0,847.3,847.3,847.3,568.0,485025.0,SMH
2025-09-03,SMH,880.0,890.0,862.0,863.7,863.7,1317.0,1144169.9,SMH
2025-09-02,SMH,859.0,889.9,852.4,863.11,860.0,1451.0,1249545.7,SMH
2025-09-01,SMH,861.2,890.0,861.2,875.79,887.9,960.0,841933.0,SMH
2025-08-31,SMH,880.1,881.2,875.0,878.75,875.0,946.0,832209.4,SMH
2025-08-28,SMH,906.0,906.0,882.0,896.91,882.0,1246.0,1118930.0,SMH
2025-08-27,SMH,910.0,929.0,905.0,911.17,913.0,1870.0,1710313.5,SMH
2025-08-26,SMH,885.0,939.3,885.0,917.26,927.0,4392.0,4014615.6,SMH
2025-08-25,SMH,900.0,900.0,882.3,885.25,886.0,316.0,279871.0,SMH
2025-08-24,SMH,882.5,909.9,882.5,894.8,904.0,2964.0,2660543.5,SMH
2025-08-21,SMH,885.0,910.0,885.0,898.97,899.0,553.0,495986.9,SMH
2025-08-20,SMH,884.9,900.0,871.2,897.19,900.0,4655.0,4129763.2,SMH
2025-08-19,SMH,880.1,885.0,860.2,878.45,885.0,2156.0,1876161.0,SMH
2025-08-18,SMH,854.1,880.0,854.0,879.78,880.0,1478.0,1273434.0,SMH
2025-08-17,SMH,880.6,895.0,860.0,870.0,870.0,3330.0,2922899.0,SMH
2025-08-14,SMH,866.2,889.5,850.0,863.48,889.5,2244.0,1918588.2,SMH
2025-08-13,SMH,855.0,865.0,849.0,849.25,849.0,590.0,503176.0,SMH
2025-08-12,SMH,893.0,893.0,826.0,863.32,872.0,6123.0,5228684.7,SMH
2025-08-11,SMH,900.0,936.0,870.1,876.05,889.0,1136.0,1001226.9,SMH
2025-08-07,SMH,871.0,892.0,871.0,882.41,889.0,2452.0,2148791.0,SMH
2025-08-06,SMH,871.6,888.5,871.6,888.3,888.0,793.0,696447.5,SMH
2025-08-05,SMH,879.0,897.0,871.0,890.0,890.0,919.0,813419.4,SMH
2025-08-04,SMH,905.0,905.0,875.0,879.23,878.4,1694.0,1497607.0,SMH
2025-08-03,SMH,886.0,920.2,886.0,892.67,895.0,1412.0,1263678.3,SMH
2025-07-31,SMH,907.0,919.0,891.1,902.23,899.0,2607.0,2367594.0,SMH
2025-07-30,SMH,910.0,927.5,905.0,906.16,909.0,4216.0,3853416.3,SMH
2025-07-29,SMH,932.0,932.0,906.0,910.11,915.0,3287.0,3005026.2,SMH
2025-07-28,SMH,901.0,918.0,869.0,913.83,918.0,3865.0,3470926.7,SMH
2025-07-27,SMH,900.0,925.0,900.0,901.1,901.1,1912.0,1731099.7,SMH
2025-07-24,SMH,882.6,918.0,882.6,910.05,908.0,1338.0,1215577.5,SMH
2025-07-23,SMH,911.0,929.2,897.0,899.52,905.0,2590.0,2357392.0,SMH
2025-07-22,SMH,911.0,947.0,876.3,910.03,911.0,4432.0,4065097.9,SMH
2025-07-21,SMH,900.0,900.0,883.0,894.1,898.0,1423.0,1267508.0,SMH
2025-07-20,SMH,937.0,953.0,902.0,904.07,919.0,3510.0,3220804.3,SMH
2025-07-17,SMH,879.0,958.1,875.2,918.78,915.0,2858.0,2565350.0,SMH
2025-07-16,SMH,877.0,894.0,861.0,871.07,872.0,5916.0,5149247.8,SMH
2025-07-15,SMH,835.5,868.8,835.5,860.35,860.0,328.0,282172.7,SMH
2025-07-14,SMH,882.0,882.0,850.1,851.85,850.1,580.0,496124.0,SMH
2025-07-13,SMH,864.0,915.0,857.1,866.0,866.0,856.0,749277.7,SMH
2025-07-10,SMH,879.9,890.0,845.5,863.88,862.0,2744.0,2403011.0,SMH
2025-07-09,SMH,888.0,888.0,851.1,863.18,865.0,7899.0,6966295.2,SMH
2025-07-08,SMH,882.2,882.2,848.0,873.53,874.9,378.0,328167.4,SMH
2025-07-07,SMH,891.9,891.9,853.6,865.0,865.0,1450.0,1264443.0,SMH
2025-07-06,SMH,846.0,900.6,790.0,879.9,879.9,11004.0,9054941.5,SMH
2025-07-03,SMH,851.7,871.9,838.0,846.8,845.0,1656.0,1410286.0,SMH
2025-07-02,SMH,816.0,845.0,816.0,835.0,835.0,930.0,778202.0,SMH
2025-07-01,SMH,810.1,851.9,810.1,825.1,825.1,1430.0,1189152.0,SMH
2025-06-30,SMH,827.0,843.5,820.0,820.01,820.0,467.0,384826.5,SMH
2025-06-29,SMH,815.0,842.0,810.5,811.0,811.0,293.0,242680.0,SMH
2025-06-26,SMH,800.0,840.0,800.0,826.78,828.0,514.0,421516.0,SMH
2025-06-25,SMH,814.0,825.0,808.0,808.84,813.5,261.0,212927.0,SMH
2025-06-24,SMH,830.1,837.9,811.0,815.14,811.0,514.0,419802.8,SMH
2025-06-23,SMH,831.0,896.0,814.0,821.5,826.0,1009.0,843473.2,SMH
2025-06-22,SMH,820.0,820.0,813.0,814.94,813.0,1097.0,896588.0,SMH
2025-06-19,SMH,840.1,840.1,823.2,826.9,826.0,1723.0,1433709.1,SMH
2025-06-18,SMH,835.0,847.0,835.0,839.33,847.0,510.0,428068.0,SMH
2025-06-17,SMH,850.0,850.0,830.0,840.0,840.0,4816.0,4044634.4,SMH
2025-06-16,SMH,833.3,861.8,833.3,858.0,858.0,760.0,646465.0,SMH
2025-06-15,SMH,849.0,865.8,844.3,850.0,850.0,1577.0,1345155.2,SMH
2025-06-12,SMH,862.0,868.5,853.0,860.45,857.5,1068.0,918889.0,SMH
2025-06-11,SMH,861.0,874.0,851.0,851.54,851.0,644.0,550284.0,SMH
2025-06-10,SMH,870.0,870.0,855.0,862.6,865.0,673.0,578191.0,SMH
2025-06-09,SMH,836.1,860.0,836.1,854.66,855.0,220.0,187229.0,SMH
2025-06-08,SMH,882.0,882.0,831.1,851.22,850.0,1086.0,907670.7,SMH
2025-06-05,SMH,903.0,919.0,865.1,870.9,870.9,101.0,89762.9,SMH
2025-06-04,SMH,835.0,911.0,835.0,903.0,911.0,891.0,749540.0,SMH
2025-06-03,SMH,842.0,845.0,841.0,841.26,841.0,850.0,715240.0,SMH
2025-06-02,SMH,871.0,888.4,840.1,841.15,840.1,984.0,843073.0,SMH
2025-05-28,SMH,855.0,871.0,853.6,864.0,864.0,970.0,834750.0,SMH
2025-05-27,SMH,860.0,861.0,853.6,855.06,855.1,1416.0,1214297.1,SMH
2025-05-26,SMH,875.0,925.0,870.7,870.7,870.7,560.0,506851.0,SMH
2025-05-25,SMH,870.0,870.0,856.0,858.08,856.3,1040.0,892688.0,SMH
2025-05-22,SMH,876.0,889.0,872.0,872.0,872.0,734.0,648037.0,SMH
2025-05-21,SMH,924.0,979.2,882.1,892.72,892.0,1298.0,1195936.7,SMH
2025-05-20,SMH,889.0,953.0,847.1,905.94,934.0,2551.0,2261756.1,SMH
2025-05-19,SMH,860.0,894.0,860.0,890.0,890.0,2512.0,2206293.4,SMH
2025-05-18,SMH,856.0,867.0,845.0,846.01,854.0,1032.0,876959.0,SMH
2025-05-15,SMH,874.0,908.0,856.0,856.9,857.0,1238.0,1066535.8,SMH
2025-05-14,SMH,878.0,894.0,857.0,857.12,858.0,1297.0,1113555.2,SMH
2025-05-13,SMH,865.0,892.8,861.1,861.1,861.1,1078.0,934835.4,SMH
2025-05-11,SMH,874.0,877.0,862.0,870.06,870.0,1155.0,1001461.1,SMH
2025-05-08,SMH,886.0,920.9,851.0,873.46,870.0,1688.0,1498259.0,SMH
2025-05-07,SMH,860.0,879.9,856.0,869.1,872.0,1473.0,1275777.0,SMH
2025-05-06,SMH,865.0,872.0,860.0,862.69,860.0,656.0,566386.8,SMH
2025-05-05,SMH,873.5,880.0,860.0,862.12,862.1,1166.0,1008700.5,SMH
2025-05-04,SMH,910.0,949.0,860.1,873.5,882.0,2483.0,2184751.3,SMH
2025-04-30,SMH,914.0,914.0,878.1,893.12,901.0,1977.0,1762827.3,SMH
2025-04-29,SMH,899.0,916.0,870.0,899.0,899.0,880.0,774559.0,SMH
2025-04-28,SMH,910.0,910.0,876.0,881.59,895.0,795.0,701489.4,SMH
2025-04-27,SMH,908.4,908.4,873.0,893.37,899.0,3101.0,2773867.0,SMH
2025-04-24,SMH,911.0,927.0,867.5,890.59,892.0,4709.0,4214783.0,SMH
2025-04-23,SMH,970.0,970.0,917.0,920.85,917.0,2305.0,2131287.5,SMH
2025-04-22,SMH,947.5,1002.0,915.1,952.0,952.0,2995.0,2940094.0,SMH
2025-04-21,SMH,919.0,943.5,919.0,930.0,926.0,268.0,249057.8,SMH
2025-04-20,SMH,973.0,975.0,914.0,920.38,922.0,1538.0,1446796.8,SMH
2025-04-17,SMH,950.0,968.0,949.0,954.31,952.1,1550.0,1478702.9,SMH
2025-04-16,SMH,920.0,938.3,920.0,934.32,936.0,1240.0,1151835.5,SMH
2025-04-15,SMH,942.0,943.0,907.5,927.15,930.0,663.0,614817.0,SMH
2025-04-13,SMH,923.3,942.0,906.1,925.17,925.0,4197.0,3865594.6,SMH
2025-04-10,SMH,939.9,939.9,921.2,923.37,924.0,938.0,874568.4,SMH
2025-04-09,SMH,932.0,942.0,915.1,922.44,930.0,1675.0,1549402.7,SMH
2025-04-08,SMH,930.0,933.0,920.0,924.52,932.0,460.0,426170.5,SMH
2025-04-07,SMH,952.0,1007.0,922.2,933.68,927.1,2615.0,2516434.9,SMH
2025-04-03,SMH,935.0,943.0,922.0,933.71,933.0,2434.0,2276807.2,SMH
2025-04-02,SMH,919.1,938.5,919.1,929.2,933.0,490.0,454730.8,SMH
2025-04-01,SMH,918.0,936.0,918.0,925.77,927.0,2775.0,2561546.7,SMH
2025-03-30,SMH,952.0,952.0,920.0,935.67,935.2,2248.0,2106485.8,SMH
2025-03-27,SMH,945.0,959.0,900.0,934.2,934.5,2708.0,2497431.6,SMH
2025-03-26,SMH,939.0,939.0,900.0,926.73,935.0,2605.0,2381506.2,SMH
2025-03-25,SMH,960.0,960.0,916.1,921.63,925.0,3530.0,3281189.0,SMH
2025-03-24,SMH,960.0,983.0,952.0,973.05,971.3,1330.0,1290907.0,SMH
2025-03-23,SMH,990.0,990.0,950.6,956.01,980.0,2898.0,2814452.1,SMH
2025-03-20,SMH,1004.0,1024.0,985.1,1000.4,1001.0,670.0,668034.0,SMH
2025-03-19,SMH,979.8,1036.0,979.8,985.2,,1963.0,1924600.9,SMH
2025-03-18,SMH,988.0,1026.0,988.0,998.0,,1879.0,1862999.9,SMH
2025-03-17,SMH,1009.9,1015.0,995.0,1007.8,,1705.0,1702392.5,SMH
2025-03-16,SMH,991.3,1065.0,991.3,1009.0,,3045.0,3173969.0,SMH
2025-03-12,SMH,1010.0,1020.0,999.6,1009.0,,2695.0,2703585.5,SMH
2025-03-11,SMH,1010.0,1040.0,992.0,1019.9,,1880.0,1893482.0,SMH
2026-03-10,NIBSF2,9.11,9.2,9.1,9.12,9.12,25000.0,228433.0,NIBSF2
2026-03-03,NIBSF2,9.05,9.25,9.05,9.11,9.11,2500.0,22955.5,NIBSF2
2026-03-01,NIBSF2,8.94,9.22,8.91,9.22,9.22,9390.0,85697.3,NIBSF2
2026-02-26,NIBSF2,9.0,9.21,9.0,9.04,9.04,3650.0,33485.0,NIBSF2
2026-02-25,NIBSF2,8.85,9.21,8.85,9.03,9.03,4360.0,39372.3,NIBSF2
2026-02-24,NIBSF2,9.02,9.2,9.02,9.03,9.03,4400.0,39912.0,NIBSF2
2026-02-23,NIBSF2,9.74,10.52,9.02,9.11,9.11,43330.0,432610.7,NIBSF2
2026-02-22,NIBSF2,9.26,9.57,9.23,9.57,9.57,27455.0,259246.65,NIBSF2
2026-02-17,NIBSF2,8.91,9.26,8.17,9.26,9.26,40600.0,345184.0,NIBSF2
2026-02-16,NIBSF2,9.02,9.17,9.02,9.08,9.08,4470.0,40461.4,NIBSF2
2026-02-12,NIBSF2,9.2,9.3,9.12,9.15,9.15,10315.0,94738.5,NIBSF2
2026-02-11,NIBSF2,9.13,9.31,9.02,9.15,9.15,5240.0,47705.0,NIBSF2
2026-02-10,NIBSF2,9.29,9.31,9.13,9.31,9.31,2000.0,18529.0,NIBSF2
2026-02-09,NIBSF2,9.1,9.29,9.07,9.29,9.29,2150.0,19745.5,NIBSF2
2026-02-08,NIBSF2,9.61,9.8,9.25,9.25,9.25,25400.0,239906.0,NIBSF2
2026-02-05,NIBSF2,9.51,9.8,8.95,9.8,9.8,129092.0,1226367.07,NIBSF2
2026-02-04,NIBSF2,9.73,9.73,9.05,9.33,9.33,10900.0,101079.0,NIBSF2
2026-02-03,NIBSF2,9.36,9.54,9.02,9.54,9.54,68214.0,643219.17,NIBSF2
2026-02-02,NIBSF2,8.95,9.18,8.95,9.18,9.18,2860.0,25917.8,NIBSF2
2026-02-01,NIBSF2,9.22,9.4,9.11,9.11,9.11,8825.0,81684.54,NIBSF2
2026-01-29,NIBSF2,9.05,9.59,9.05,9.4,9.4,123910.0,1167875.9,NIBSF2
2026-01-28,NIBSF2,9.2,9.3,9.08,9.23,9.23,187531.0,1738547.48,NIBSF2
2026-01-27,NIBSF2,8.85,9.42,8.85,9.1,9.1,103920.0,958514.6,NIBSF2
2026-01-26,NIBSF2,8.78,9.0,8.78,8.93,8.93,91850.0,819968.5,NIBSF2
2026-01-25,NIBSF2,8.86,9.07,8.86,8.95,8.95,174727.0,1571179.09,NIBSF2
2026-01-22,NIBSF2,8.5,8.81,8.5,8.7,8.7,30600.0,268024.5,NIBSF2
2026-01-21,NIBSF2,8.68,8.85,8.62,8.64,8.64,6750.0,58875.5,NIBSF2
2026-01-20,NIBSF2,8.85,8.85,8.7,8.85,8.85,42208.0,371874.44,NIBSF2
2026-01-18,NIBSF2,8.45,8.69,8.45,8.68,8.68,23400.0,201892.0,NIBSF2
2026-01-14,NIBSF2,8.41,8.6,8.41,8.6,8.6,1650.0,13979.0,NIBSF2
2026-01-13,NIBSF2,8.41,8.62,8.41,8.57,8.57,6280.0,53843.6,NIBSF2
2026-01-12,NIBSF2,8.5,8.77,8.5,8.5,8.5,1800.0,15495.0,NIBSF2
2026-01-08,NIBSF2,8.65,8.78,8.63,8.63,8.63,13890.0,121191.1,NIBSF2
2026-01-07,NIBSF2,8.53,8.8,8.53,8.64,8.64,15840.0,138156.5,NIBSF2
2026-01-06,NIBSF2,8.5,8.7,8.4,8.7,8.7,11950.0,103369.0,NIBSF2
2026-01-05,NIBSF2,8.65,8.68,8.5,8.67,8.67,2050.0,17698.0,NIBSF2
2026-01-04,NIBSF2,8.46,8.65,8.46,8.65,8.65,1200.0,10259.0,NIBSF2
2026-01-01,NIBSF2,8.6,8.72,8.44,8.61,8.61,70000.0,597358.0,NIBSF2
2025-12-31,NIBSF2,8.46,8.69,8.46,8.56,8.56,3330.0,28681.7,NIBSF2
2025-12-29,NIBSF2,8.42,8.58,8.42,8.58,8.58,21196.0,181040.68,NIBSF2
2025-12-28,NIBSF2,8.31,8.45,8.31,8.42,8.42,5050.0,42261.5,NIBSF2
2025-12-24,NIBSF2,8.49,8.49,8.42,8.42,8.42,1000.0,8446.25,NIBSF2
2025-12-23,NIBSF2,8.49,8.5,8.49,8.5,8.5,2900.0,24625.0,NIBSF2
2025-12-22,NIBSF2,8.44,8.6,8.44,8.6,8.6,11448.0,97660.0,NIBSF2
2025-12-21,NIBSF2,8.25,8.5,8.25,8.44,8.44,37500.0,314029.0,NIBSF2
2025-12-18,NIBSF2,8.23,8.42,8.23,8.34,8.34,3100.0,25844.0,NIBSF2
2025-12-17,NIBSF2,8.27,8.44,8.27,8.34,8.34,20560.0,173042.4,NIBSF2
2025-12-16,NIBSF2,8.3,8.44,8.28,8.38,8.38,5100.0,42362.0,NIBSF2
2025-12-15,NIBSF2,8.35,8.51,8.28,8.46,8.46,4365.0,36320.35,NIBSF2
2025-12-14,NIBSF2,8.29,8.55,8.29,8.35,8.35,18800.0,158325.0,NIBSF2
2025-12-11,NIBSF2,8.4,8.49,8.24,8.39,8.39,14400.0,120905.75,NIBSF2
2025-12-10,NIBSF2,8.36,8.51,8.26,8.33,8.33,8200.0,69518.0,NIBSF2
2025-12-09,NIBSF2,8.3,8.44,8.3,8.36,8.36,2700.0,22660.0,NIBSF2
2025-12-08,NIBSF2,8.33,8.5,8.19,8.28,8.28,24400.0,203379.32,NIBSF2
2025-12-07,NIBSF2,8.37,8.67,8.37,8.5,8.5,9570.0,82001.0,NIBSF2
2025-12-03,NIBSF2,8.55,8.55,8.38,8.54,8.54,6600.0,56147.9,NIBSF2
2025-12-02,NIBSF2,8.37,8.4,8.37,8.39,8.39,3800.0,31899.0,NIBSF2
2025-12-01,NIBSF2,8.4,8.4,8.35,8.37,8.37,2350.0,19658.5,NIBSF2
2025-11-30,NIBSF2,8.64,8.7,8.48,8.57,8.57,6500.0,55672.35,NIBSF2
2025-11-27,NIBSF2,8.33,8.64,8.33,8.64,8.64,12650.0,108504.5,NIBSF2
2025-11-26,NIBSF2,8.31,8.35,8.31,8.34,8.34,1820.0,15174.8,NIBSF2
2025-11-25,NIBSF2,8.32,8.34,8.32,8.34,8.34,2000.0,16674.0,NIBSF2
2025-11-24,NIBSF2,8.47,8.47,8.16,8.46,8.46,11100.0,93352.0,NIBSF2
2025-11-23,NIBSF2,8.24,8.47,8.24,8.47,8.47,1410.0,11722.0,NIBSF2
2025-11-20,NIBSF2,8.24,8.5,8.24,8.4,8.4,9000.0,75837.0,NIBSF2
2025-11-19,NIBSF2,8.35,8.5,8.21,8.4,8.4,3100.0,25884.0,NIBSF2
2025-11-18,NIBSF2,8.25,8.46,8.25,8.35,8.35,5300.0,44090.0,NIBSF2
2025-11-17,NIBSF2,8.3,8.57,8.29,8.4,8.4,11468.0,96393.92,NIBSF2
2025-11-16,NIBSF2,8.5,8.5,8.33,8.41,8.41,1400.0,11722.0,NIBSF2
2025-11-13,NIBSF2,8.48,8.64,8.32,8.5,8.5,2900.0,24778.0,NIBSF2
2025-11-12,NIBSF2,8.25,8.39,8.25,8.32,8.32,1400.0,11657.0,NIBSF2
2025-11-11,NIBSF2,8.3,8.39,8.2,8.39,8.39,3600.0,29855.0,NIBSF2
2025-11-10,NIBSF2,8.3,8.4,8.3,8.31,8.31,1400.0,11696.0,NIBSF2
2025-11-09,NIBSF2,8.65,8.65,8.39,8.4,8.4,2400.0,20172.0,NIBSF2
2025-11-06,NIBSF2,8.4,8.56,8.37,8.56,8.56,5950.0,50436.1,NIBSF2
2025-11-05,NIBSF2,8.25,8.4,8.1,8.4,8.4,2900.0,24111.0,NIBSF2
2025-11-04,NIBSF2,8.38,8.41,8.38,8.41,8.41,500.0,4197.0,NIBSF2
2025-11-03,NIBSF2,8.67,8.67,8.35,8.53,8.53,4811.0,41394.57,NIBSF2
2025-11-02,NIBSF2,8.47,8.5,8.34,8.5,8.5,6950.0,58641.5,NIBSF2
2025-10-30,NIBSF2,8.5,8.51,8.24,8.31,8.31,21642.0,179964.5,NIBSF2
2025-10-29,NIBSF2,8.4,8.61,8.4,8.5,8.5,6460.0,54919.6,NIBSF2
2025-10-28,NIBSF2,8.75,8.75,8.5,8.52,8.52,11528.0,98921.84,NIBSF2
2025-10-26,NIBSF2,8.4,8.61,8.4,8.61,8.61,12845.0,109257.5,NIBSF2
2025-10-19,NIBSF2,8.4,8.4,8.4,8.4,8.4,400.0,3360.0,NIBSF2
2025-10-16,NIBSF2,8.39,8.5,8.39,8.41,8.41,4400.0,37358.0,NIBSF2
2025-10-15,NIBSF2,8.71,8.71,8.54,8.54,8.54,10271.0,88872.41,NIBSF2
2025-10-14,NIBSF2,8.4,8.54,8.3,8.54,8.54,9100.0,76351.0,NIBSF2
2025-10-13,NIBSF2,8.4,8.56,8.25,8.56,8.56,6458.0,54655.08,NIBSF2
2025-10-12,NIBSF2,8.33,8.4,8.17,8.4,8.4,20600.0,170409.7,NIBSF2
2025-10-09,NIBSF2,8.44,8.6,8.44,8.5,8.5,6830.0,58446.5,NIBSF2
2025-10-08,NIBSF2,8.75,8.75,8.46,8.6,8.6,6770.0,58580.0,NIBSF2
2025-10-07,NIBSF2,8.56,8.77,8.46,8.63,8.63,19800.0,169400.85,NIBSF2
2025-09-28,NIBSF2,8.6,8.8,8.6,8.7,8.7,8210.0,71632.5,NIBSF2
2025-09-25,NIBSF2,8.35,8.68,8.35,8.6,8.6,15896.0,135831.8,NIBSF2
2025-09-24,NIBSF2,8.49,8.65,8.46,8.51,8.51,13777.0,118171.2,NIBSF2
2025-09-23,NIBSF2,8.83,8.84,8.66,8.66,8.66,13100.0,114567.0,NIBSF2
2025-09-21,NIBSF2,9.15,9.15,8.81,8.83,8.83,3600.0,32172.0,NIBSF2
2025-09-08,NIBSF2,9.42,9.42,9.14,9.33,9.33,29700.0,273082.0,NIBSF2
2025-09-07,NIBSF2,8.92,9.33,8.92,9.26,9.24,82990.0,768470.3,NIBSF2
2025-09-04,NIBSF2,8.7,8.86,8.7,8.75,8.75,3750.0,32931.5,NIBSF2
2025-09-03,NIBSF2,9.0,9.0,8.82,8.84,8.84,3400.0,30192.0,NIBSF2
2025-09-02,NIBSF2,9.0,9.0,8.85,8.86,8.86,2700.0,23929.0,NIBSF2
2025-09-01,NIBSF2,8.82,9.0,8.82,8.99,9.0,5600.0,49821.5,NIBSF2
2025-08-31,NIBSF2,8.9,9.19,8.78,8.99,8.91,74185.0,668744.7,NIBSF2
2025-08-28,NIBSF2,8.65,8.83,8.65,8.73,8.73,3800.0,33280.0,NIBSF2
2025-08-27,NIBSF2,8.61,8.66,8.6,8.66,8.66,9900.0,85528.0,NIBSF2
2025-08-26,NIBSF2,8.49,8.67,8.49,8.61,8.61,8700.0,75103.0,NIBSF2
2025-08-25,NIBSF2,8.65,8.67,8.64,8.64,8.64,10485.0,90703.55,NIBSF2
2025-08-24,NIBSF2,8.7,8.8,8.69,8.8,8.8,10874.0,95071.61,NIBSF2
2025-08-21,NIBSF2,8.72,9.0,8.62,8.85,8.85,5530.0,48760.0,NIBSF2
2025-08-20,NIBSF2,8.81,8.81,8.67,8.71,8.71,4300.0,37607.0,NIBSF2
2025-08-19,NIBSF2,8.61,8.94,8.61,8.79,8.79,4200.0,36743.76,NIBSF2
2025-08-18,NIBSF2,8.81,8.98,8.73,8.73,8.73,13155.0,116302.9,NIBSF2
2025-08-17,NIBSF2,8.99,9.0,8.91,8.95,8.95,24800.0,222956.0,NIBSF2
2025-08-14,NIBSF2,9.1,9.2,9.02,9.05,9.05,7280.0,65898.4,NIBSF2
2025-08-13,NIBSF2,9.18,9.23,9.18,9.18,9.18,4400.0,40402.0,NIBSF2
2025-08-12,NIBSF2,9.17,9.34,9.17,9.19,9.19,3740.0,34460.3,NIBSF2
2025-08-11,NIBSF2,9.42,9.58,9.24,9.35,9.35,389043.0,3718111.94,NIBSF2
2025-08-07,NIBSF2,9.1,9.31,9.1,9.3,9.3,46369.0,431132.7,NIBSF2
2025-08-06,NIBSF2,9.41,9.41,9.25,9.26,9.25,119665.0,1106968.25,NIBSF2
2025-08-05,NIBSF2,9.4,9.4,9.22,9.25,9.25,13764.0,126939.08,NIBSF2
2025-08-04,NIBSF2,9.38,9.38,9.2,9.22,9.25,216324.0,1994223.2,NIBSF2
2025-08-03,NIBSF2,9.43,9.43,9.2,9.2,9.2,146503.0,1356309.6,NIBSF2
2025-07-31,NIBSF2,9.3,9.4,9.04,9.25,9.29,24700.0,227392.0,NIBSF2
2025-07-30,NIBSF2,9.32,9.32,9.14,9.14,9.14,19800.0,181627.0,NIBSF2
2025-07-29,NIBSF2,8.94,9.4,8.94,9.14,9.14,118805.0,1099299.55,NIBSF2
2025-07-28,NIBSF2,8.97,9.34,8.97,9.12,9.12,25310.0,230713.0,NIBSF2
2025-07-27,NIBSF2,9.02,9.45,9.02,9.15,9.15,23100.0,212366.8,NIBSF2
2025-07-24,NIBSF2,9.36,9.36,9.18,9.2,9.2,276784.0,2548310.8,NIBSF2
2025-07-23,NIBSF2,9.42,9.42,9.06,9.19,9.24,34722.0,318903.76,NIBSF2
2025-07-22,NIBSF2,9.56,9.56,9.04,9.24,9.23,84200.0,785774.63,NIBSF2
2025-07-21,NIBSF2,9.47,9.47,9.2,9.38,9.38,48360.0,454921.96,NIBSF2
2025-07-20,NIBSF2,9.2,9.49,9.11,9.36,9.37,109493.0,1015350.5,NIBSF2
2025-07-17,NIBSF2,9.0,9.38,8.82,9.13,9.13,42780.0,388920.6,NIBSF2
2025-07-16,NIBSF2,9.18,9.54,8.82,8.83,8.82,439371.0,3884099.92,NIBSF2
2025-07-15,NIBSF2,9.01,9.18,8.85,9.0,9.14,40470.0,362921.6,NIBSF2
2025-07-14,NIBSF2,9.18,9.18,8.75,8.85,8.99,34110.0,302786.9,NIBSF2
2025-07-13,NIBSF2,9.2,9.2,8.83,9.0,9.14,14010.0,126203.2,NIBSF2
2025-07-10,NIBSF2,8.7,9.18,8.7,9.16,9.15,48300.0,428654.6,NIBSF2
2025-07-09,NIBSF2,8.57,8.84,8.57,8.78,8.69,26000.0,227545.0,NIBSF2
2025-07-08,NIBSF2,8.55,8.89,8.55,8.71,8.71,34503.0,300355.1,NIBSF2
2025-07-07,NIBSF2,8.93,9.28,8.63,8.72,8.72,67979.0,608357.01,NIBSF2
2025-07-06,NIBSF2,8.85,9.02,8.59,8.76,8.76,82004.0,731104.0,NIBSF2
2025-07-03,NIBSF2,8.53,8.9,8.49,8.69,8.7,129498.0,1128263.7,NIBSF2
2025-07-02,NIBSF2,8.35,8.5,8.35,8.5,8.5,11220.0,94537.6,NIBSF2
2025-07-01,NIBSF2,8.21,8.48,8.21,8.48,8.48,14672.0,124107.56,NIBSF2
2025-06-30,NIBSF2,8.37,8.5,8.35,8.36,8.37,22850.0,191737.0,NIBSF2
2025-06-29,NIBSF2,8.26,8.5,8.26,8.4,8.4,2480.0,20797.0,NIBSF2
2025-06-26,NIBSF2,8.35,8.36,8.31,8.36,8.36,16165.0,134755.4,NIBSF2
2025-06-25,NIBSF2,8.31,8.5,8.31,8.34,8.34,12200.0,103023.0,NIBSF2
2025-06-24,NIBSF2,8.34,8.41,8.33,8.41,8.41,33153.0,277033.49,NIBSF2
2025-06-23,NIBSF2,8.49,8.49,8.33,8.48,8.48,14990.0,126631.8,NIBSF2
2025-06-22,NIBSF2,8.27,8.45,8.26,8.42,8.45,4500.0,37647.0,NIBSF2
2025-06-19,NIBSF2,8.23,8.52,8.22,8.4,8.4,24050.0,203494.5,NIBSF2
2025-06-18,NIBSF2,8.22,8.4,8.22,8.37,8.37,8590.0,71649.0,NIBSF2
2025-06-17,NIBSF2,8.22,8.53,8.15,8.36,8.36,11100.0,93975.0,NIBSF2
2025-06-16,NIBSF2,8.17,8.44,8.17,8.38,8.38,21300.0,177932.0,NIBSF2
2025-06-15,NIBSF2,8.3,8.35,8.28,8.32,8.35,7600.0,63102.0,NIBSF2
2025-06-12,NIBSF2,8.2,8.4,8.2,8.37,8.37,25620.0,215037.0,NIBSF2
2025-06-11,NIBSF2,8.31,8.44,8.31,8.34,8.34,19319.0,161730.26,NIBSF2
2025-06-10,NIBSF2,8.27,8.45,8.27,8.44,8.45,8300.0,69952.0,NIBSF2
2025-06-09,NIBSF2,8.5,8.5,8.33,8.41,8.41,20050.0,168935.6,NIBSF2
2025-06-08,NIBSF2,8.11,8.42,8.11,8.42,8.42,5550.0,45849.0,NIBSF2
2025-06-05,NIBSF2,8.36,8.36,8.2,8.26,8.26,1650.0,13640.0,NIBSF2
2025-06-04,NIBSF2,8.2,8.44,8.2,8.35,8.35,4100.0,34231.0,NIBSF2
2025-06-03,NIBSF2,8.4,8.54,8.31,8.31,8.31,14670.0,123714.4,NIBSF2
2025-06-02,NIBSF2,8.25,8.41,8.25,8.36,8.36,17005.0,142324.55,NIBSF2
2025-05-28,NIBSF2,8.3,8.4,8.19,8.4,8.4,5000.0,41698.0,NIBSF2
2025-05-27,NIBSF2,8.4,8.4,8.25,8.31,8.31,8050.0,67284.0,NIBSF2
2025-05-26,NIBSF2,8.18,8.4,8.18,8.37,8.37,3900.0,32621.0,NIBSF2
2025-05-25,NIBSF2,8.21,8.3,8.21,8.29,8.29,2450.0,20210.5,NIBSF2
2025-05-22,NIBSF2,8.43,8.46,8.3,8.34,8.34,36306.0,306372.6,NIBSF2
2025-05-21,NIBSF2,8.28,8.3,8.25,8.3,8.3,2481.0,20507.06,NIBSF2
2025-05-20,NIBSF2,8.2,8.37,8.2,8.28,8.28,7700.0,64161.0,NIBSF2
2025-05-19,NIBSF2,8.2,8.35,8.19,8.33,8.35,11452.0,94433.6,NIBSF2
2025-05-18,NIBSF2,8.07,8.35,8.07,8.19,8.19,21800.0,179287.7,NIBSF2
2025-05-15,NIBSF2,8.06,8.21,8.06,8.19,8.19,22450.0,184131.0,NIBSF2
2025-05-14,NIBSF2,8.2,8.36,8.12,8.2,8.2,8400.0,68958.0,NIBSF2
2025-05-13,NIBSF2,8.5,8.52,8.2,8.23,8.23,21000.0,173857.0,NIBSF2
2025-05-11,NIBSF2,8.22,8.5,8.22,8.5,8.5,5033.0,41724.5,NIBSF2
2025-05-08,NIBSF2,8.49,8.5,8.35,8.36,8.36,10100.0,85085.0,NIBSF2
2025-05-07,NIBSF2,8.28,8.43,8.27,8.43,8.43,6919.0,58043.67,NIBSF2
2025-05-06,NIBSF2,8.63,8.63,8.42,8.42,8.42,4450.0,37738.0,NIBSF2
2025-05-05,NIBSF2,8.2,8.5,8.2,8.5,8.5,218005.0,1847996.0,NIBSF2
2025-05-04,NIBSF2,8.62,8.62,8.31,8.34,8.34,29349.0,245077.42,NIBSF2
2025-04-30,NIBSF2,8.3,8.56,8.18,8.56,8.56,15000.0,123135.0,NIBSF2
2025-04-29,NIBSF2,8.26,8.45,8.25,8.45,8.45,21355.0,178093.55,NIBSF2
2025-04-28,NIBSF2,8.32,8.37,8.3,8.36,8.36,190844.0,1585273.2,NIBSF2
2025-04-27,NIBSF2,8.3,8.46,8.28,8.44,8.44,10600.0,88822.0,NIBSF2
2025-04-24,NIBSF2,8.22,8.51,8.22,8.35,8.35,54700.0,463321.62,NIBSF2
2025-04-23,NIBSF2,8.11,8.41,8.1,8.35,8.35,5800.0,48148.0,NIBSF2
2025-04-22,NIBSF2,8.31,8.35,8.21,8.25,8.25,13069.0,108433.61,NIBSF2
2025-04-21,NIBSF2,8.29,8.49,8.29,8.46,8.46,21700.0,183961.67,NIBSF2
2025-04-20,NIBSF2,8.36,8.44,8.36,8.44,8.44,8100.0,67784.0,NIBSF2
2025-04-17,NIBSF2,8.45,8.54,8.25,8.44,8.45,8320.0,70031.4,NIBSF2
2025-04-16,NIBSF2,8.4,8.4,8.3,8.39,8.4,9400.0,78670.0,NIBSF2
2025-04-15,NIBSF2,8.39,8.55,8.38,8.38,8.38,57150.0,486373.0,NIBSF2
2025-04-13,NIBSF2,8.06,8.31,8.06,8.23,8.23,8200.0,67487.0,NIBSF2
2025-04-10,NIBSF2,8.11,8.32,8.11,8.21,8.21,15600.0,128590.0,NIBSF2
2025-04-09,NIBSF2,8.3,8.46,8.2,8.2,8.2,20901.0,175427.88,NIBSF2
2025-04-08,NIBSF2,8.22,8.35,8.22,8.3,8.3,2550.0,21198.5,NIBSF2
2025-04-07,NIBSF2,8.3,8.38,8.17,8.38,8.38,9050.0,75338.0,NIBSF2
2025-04-03,NIBSF2,8.1,8.33,8.1,8.33,8.33,10500.0,85632.0,NIBSF2
2025-04-02,NIBSF2,8.45,8.45,8.15,8.25,8.25,12600.0,103634.0,NIBSF2
2025-04-01,NIBSF2,8.21,8.5,8.21,8.29,8.25,69403.0,577482.6,NIBSF2
2025-03-30,NIBSF2,8.18,8.36,8.11,8.36,8.36,27345.0,225720.2,NIBSF2
2025-03-27,NIBSF2,8.18,8.45,8.18,8.27,8.27,2920.0,24170.8,NIBSF2
2025-03-26,NIBSF2,8.18,8.25,8.18,8.25,8.25,16850.0,138603.5,NIBSF2
2025-03-25,NIBSF2,8.46,8.46,8.17,8.18,8.18,112800.0,929674.0,NIBSF2
2025-03-24,NIBSF2,8.2,8.3,8.1,8.3,8.3,1555.0,12768.8,NIBSF2
2025-03-23,NIBSF2,8.15,8.36,8.15,8.2,8.2,16050.0,131880.0,NIBSF2
2025-03-20,NIBSF2,8.2,8.35,8.06,8.31,8.31,76948.0,622168.88,NIBSF2
2025-03-19,NIBSF2,8.2,8.36,8.2,8.21,,2605.0,21442.75,NIBSF2
2025-03-18,NIBSF2,8.2,8.23,8.19,8.23,,1200.0,9845.0,NIBSF2
2025-03-17,NIBSF2,8.14,8.3,8.14,8.3,,5460.0,45019.1,NIBSF2
2025-03-16,NIBSF2,8.16,8.38,8.16,8.3,,26080.0,217206.2,NIBSF2
2025-03-12,NIBSF2,8.44,8.54,8.17,8.3,,25010.0,206608.6,NIBSF2
2025-03-11,NIBSF2,8.14,8.54,8.14,8.28,,4670.0,38903.1,NIBSF2
2026-03-10,BNL,15700.0,15700.0,15657.0,15657.0,15657.0,40.0,626750.0,BNL
2026-03-09,BNL,15657.0,15657.0,15657.0,15657.0,15657.0,10.0,156570.0,BNL
2026-03-03,BNL,15200.0,15350.0,15200.0,15350.0,15350.0,30.0,457500.0,BNL
2026-03-01,BNL,15400.0,15400.0,15200.0,15200.0,15200.0,30.0,459990.0,BNL
2026-02-26,BNL,15188.1,15200.0,15188.1,15200.0,15200.0,32.0,486281.0,BNL
2026-02-23,BNL,15239.0,15498.0,14635.8,15498.0,15498.0,250.0,3734827.0,BNL
2026-02-17,BNL,15010.0,15550.0,15010.0,15550.0,15550.0,20.0,305600.0,BNL
2026-02-12,BNL,15010.0,15400.0,14896.0,15300.0,15300.0,227.0,3434990.0,BNL
2026-02-11,BNL,15402.9,15600.0,15200.0,15200.0,15200.0,40.0,617029.0,BNL
2026-02-10,BNL,15390.0,15393.8,15101.0,15101.0,15101.0,50.0,764786.0,BNL
2026-02-09,BNL,15200.0,15200.0,15092.0,15092.0,15092.0,70.0,1057871.0,BNL
2026-02-08,BNL,15200.5,15400.0,15200.5,15400.0,15400.0,30.0,459505.0,BNL
2026-02-05,BNL,15649.8,15649.8,15044.0,15344.0,15344.0,270.0,4098579.0,BNL
2026-02-04,BNL,15599.0,15599.0,15351.0,15351.0,15351.0,38.0,587813.0,BNL
2026-02-03,BNL,15594.0,15600.2,15282.2,15500.0,15500.0,260.0,4002117.0,BNL
2026-02-02,BNL,16050.0,16050.0,15729.0,15800.0,15800.0,70.0,1109290.0,BNL
2026-02-01,BNL,15900.7,15900.7,15900.7,15900.7,15900.7,10.0,159007.0,BNL
2026-01-29,BNL,15551.0,15589.0,15289.0,15589.0,15589.0,90.0,1382276.0,BNL
2026-01-28,BNL,15601.1,15601.1,15601.0,15601.0,15601.0,30.0,468031.0,BNL
2026-01-27,BNL,15661.0,15661.0,15650.1,15650.1,15650.1,20.0,313111.0,BNL
2026-01-26,BNL,15862.0,15862.0,15862.0,15862.0,15862.0,10.0,158620.0,BNL
2026-01-25,BNL,15974.4,15974.4,15551.0,15551.0,15551.0,78.0,1223616.0,BNL
2026-01-22,BNL,15700.0,15700.0,15661.2,15661.2,15661.2,30.0,470225.0,BNL
2026-01-20,BNL,15981.0,15981.0,15980.0,15980.0,15980.0,51.0,815010.0,BNL
2026-01-18,BNL,15670.0,15980.0,15670.0,15980.0,15980.0,20.0,316500.0,BNL
2026-01-13,BNL,15400.0,15400.0,15370.0,15370.0,15370.0,50.0,768810.0,BNL
2026-01-12,BNL,15680.0,15680.0,15680.0,15680.0,15680.0,20.0,313600.0,BNL
2026-01-05,BNL,16000.0,16000.0,16000.0,16000.0,16000.0,10.0,160000.0,BNL
2026-01-01,BNL,16250.0,16250.0,16250.0,16250.0,16250.0,20.0,325000.0,BNL
2025-12-31,BNL,16221.9,16221.9,16221.9,16221.9,16221.9,10.0,162219.0,BNL
2025-12-24,BNL,15904.9,15904.9,15904.9,15904.9,15904.9,10.0,159049.0,BNL
2025-12-22,BNL,15912.0,16009.0,15594.0,15594.0,15594.0,60.0,943939.0,BNL
2025-12-18,BNL,15600.0,15600.0,15600.0,15600.0,15600.0,10.0,156000.0,BNL
2025-12-16,BNL,15680.0,15680.0,15680.0,15680.0,15680.0,20.0,313600.0,BNL
2025-12-15,BNL,16000.0,16000.0,16000.0,16000.0,16000.0,1.0,16000.0,BNL
2025-12-11,BNL,15750.0,16000.0,15750.0,16000.0,16000.0,20.0,317500.0,BNL
2025-12-09,BNL,15843.0,15843.0,15843.0,15843.0,15843.0,10.0,158430.0,BNL
2025-12-08,BNL,15850.0,15850.0,15533.1,15533.1,15533.1,30.0,472331.0,BNL
2025-12-07,BNL,15850.0,15850.0,15850.0,15850.0,15850.0,10.0,158500.0,BNL
2025-12-03,BNL,15601.0,15850.0,15533.0,15850.0,15850.0,140.0,2195170.0,BNL
2025-12-01,BNL,16170.0,16170.0,15850.0,15850.0,15850.0,20.0,320200.0,BNL
2025-11-30,BNL,16500.0,16500.0,16500.0,16500.0,16500.0,10.0,165000.0,BNL
2025-11-27,BNL,15925.0,16243.5,15925.0,16243.5,16243.5,20.0,321685.0,BNL
2025-11-26,BNL,16921.0,16921.0,16250.0,16250.0,16250.0,50.0,825997.0,BNL
2025-11-24,BNL,16917.0,16917.0,16917.0,16917.0,16917.0,10.0,169170.0,BNL
2025-11-23,BNL,16590.0,16590.0,16590.0,16590.0,16590.0,10.0,165900.0,BNL
2025-11-20,BNL,16600.0,16600.0,16530.0,16590.0,16590.0,31.0,513790.0,BNL
2025-11-16,BNL,16300.0,16320.0,16300.0,16320.0,16320.0,70.0,1141980.0,BNL
2025-11-11,BNL,16000.0,16000.0,16000.0,16000.0,16000.0,10.0,160000.0,BNL
2025-11-06,BNL,15877.0,16199.0,15875.1,15875.1,15875.1,40.0,638262.0,BNL
2025-11-05,BNL,15585.0,16200.0,15585.0,16200.0,16200.0,20.0,317850.0,BNL
2025-11-02,BNL,15900.0,15900.0,15900.0,15900.0,15900.0,10.0,159000.0,BNL
2025-10-30,BNL,15606.0,15918.1,15606.0,15918.1,15918.1,20.0,315241.0,BNL
2025-10-29,BNL,15606.0,16236.4,15300.0,15300.0,15300.0,130.0,2028719.0,BNL
2025-10-28,BNL,15582.0,15582.0,15300.0,15300.0,15300.0,20.0,308820.0,BNL
2025-10-15,BNL,15900.0,15900.0,15900.0,15900.0,15900.0,10.0,159000.0,BNL
2025-10-14,BNL,16014.0,16014.0,16014.0,16014.0,16014.0,10.0,160140.0,BNL
2025-10-13,BNL,15700.0,15700.0,15700.0,15700.0,15700.0,10.0,157000.0,BNL
2025-10-07,BNL,15400.0,15400.0,15400.0,15400.0,15400.0,10.0,154000.0,BNL
2025-09-23,BNL,15800.0,15800.0,15700.0,15700.0,15700.0,20.0,315000.0,BNL
2025-09-21,BNL,15800.0,15800.0,15800.0,15800.0,15800.0,10.0,158000.0,BNL
2025-09-07,BNL,15754.0,15754.0,15753.5,15753.75,15753.5,20.0,315075.0,BNL
2025-09-03,BNL,16400.0,16400.0,16075.0,16075.0,16075.0,50.0,807000.0,BNL
2025-08-28,BNL,16084.0,16084.0,16082.0,16082.0,16082.0,32.0,514656.0,BNL
2025-08-27,BNL,16400.0,16410.0,16400.0,16410.0,16410.0,20.0,328100.0,BNL
2025-08-26,BNL,16500.0,16500.0,16170.1,16170.1,16170.1,20.0,326701.0,BNL
2025-08-18,BNL,16711.0,16711.0,16500.0,16500.0,16500.0,20.0,332110.0,BNL
2025-08-12,BNL,17052.0,17052.0,16711.0,16711.0,16711.0,20.0,337630.0,BNL
2025-08-11,BNL,17400.0,17400.0,17100.0,17400.0,17400.0,180.0,3092990.0,BNL
2025-08-06,BNL,17200.0,17200.0,17200.0,17200.0,17200.0,10.0,172000.0,BNL
2025-08-05,BNL,17275.0,17275.0,16929.5,16929.5,16929.5,20.0,342045.0,BNL
2025-08-04,BNL,16999.3,17099.0,16999.3,17049.15,17099.0,20.0,340983.0,BNL
2025-08-03,BNL,16666.0,16666.0,16666.0,16666.0,16666.0,25.0,416650.0,BNL
2025-07-31,BNL,16700.0,17000.0,16700.0,17000.0,17000.0,20.0,337000.0,BNL
2025-07-29,BNL,17201.0,17300.0,16960.0,16980.5,16960.0,40.0,684620.0,BNL
2025-07-28,BNL,17300.0,17300.0,17000.0,17300.0,17300.0,30.0,516000.0,BNL
2025-07-24,BNL,17151.0,17493.0,17150.0,17493.0,17493.0,40.0,689440.0,BNL
2025-07-23,BNL,17200.0,17500.0,17200.0,17500.0,17500.0,25.0,431280.0,BNL
2025-07-22,BNL,17500.0,17500.0,17150.0,17400.6,17400.1,145.0,2527104.0,BNL
2025-07-20,BNL,17840.1,17840.1,17840.1,17840.1,17840.1,10.0,178401.0,BNL
2025-07-17,BNL,17150.0,18204.0,17100.0,18204.0,18204.0,120.0,2105001.0,BNL
2025-07-16,BNL,17498.0,17498.0,17498.0,17498.0,17498.0,10.0,174980.0,BNL
2025-07-15,BNL,16855.0,17189.0,16855.0,17155.42,17189.0,100.0,1712010.0,BNL
2025-07-14,BNL,16800.0,18399.9,16525.0,16525.0,16525.0,190.0,3321671.0,BNL
2025-07-13,BNL,16727.9,16727.9,16727.9,16727.9,16727.9,10.0,167279.0,BNL
2025-07-10,BNL,16400.0,16407.0,16400.0,16400.0,16400.0,30.0,492070.0,BNL
2025-07-09,BNL,16316.8,16412.0,16085.1,16085.4,16085.1,80.0,1301220.0,BNL
2025-07-08,BNL,16000.0,16000.0,16000.0,16000.0,16000.0,10.0,160000.0,BNL
2025-07-07,BNL,16000.4,16000.4,15800.0,15800.05,15800.0,50.0,796008.0,BNL
2025-07-06,BNL,16000.0,16320.0,16000.0,16320.0,16320.0,30.0,483200.0,BNL
2025-07-03,BNL,15800.0,15800.0,15800.0,15800.0,15800.0,10.0,158000.0,BNL
2025-07-02,BNL,15851.8,15851.8,15851.8,15851.8,15851.8,10.0,158518.0,BNL
2025-07-01,BNL,15541.1,15851.8,15541.0,15851.8,15851.8,30.0,469339.0,BNL
2025-06-30,BNL,15600.0,15850.0,15600.0,15850.0,15850.0,30.0,472000.0,BNL
2025-06-29,BNL,15450.0,15450.0,15450.0,15450.0,15450.0,20.0,309000.0,BNL
2025-06-26,BNL,15430.0,15430.0,15430.0,15430.0,15430.0,10.0,154300.0,BNL
2025-06-24,BNL,15584.1,15584.1,15584.0,15584.05,15584.0,20.0,311681.0,BNL
2025-06-23,BNL,16200.0,16200.0,15900.0,15900.5,15900.0,40.0,640010.0,BNL
2025-06-22,BNL,16500.0,16500.0,16500.0,16500.0,16500.0,10.0,165000.0,BNL
2025-06-19,BNL,16366.0,16366.0,16366.0,16366.0,16366.0,10.0,163660.0,BNL
2025-06-18,BNL,16700.0,16700.0,16700.0,16700.0,16700.0,10.0,167000.0,BNL
2025-06-16,BNL,16208.0,17000.4,16208.0,16700.0,16700.0,70.0,1171064.0,BNL
2025-06-15,BNL,15891.0,15891.0,15891.0,15891.0,15891.0,10.0,158910.0,BNL
2025-06-12,BNL,15898.0,15898.0,15580.0,15580.0,15580.0,170.0,2655004.0,BNL
2025-06-11,BNL,16550.0,16550.0,15896.0,15898.1,15896.2,70.0,1129025.0,BNL
2025-06-10,BNL,16542.3,16542.3,16542.3,16542.3,16542.3,10.0,165423.0,BNL
2025-06-09,BNL,16218.0,16218.0,16218.0,16218.0,16218.0,10.0,162180.0,BNL
2025-06-08,BNL,16000.1,16000.1,15900.0,15900.0,15900.0,153.0,2435922.0,BNL
2025-06-05,BNL,16185.1,16185.1,16185.1,16185.1,16185.1,10.0,161851.0,BNL
2025-06-04,BNL,16526.0,16526.0,16513.0,16513.0,16513.0,50.0,826150.0,BNL
2025-06-03,BNL,16850.0,16850.0,16850.0,16850.0,16850.0,10.0,168500.0,BNL
2025-06-02,BNL,16910.0,16910.0,16601.0,16601.0,16601.0,40.0,670120.0,BNL
2025-05-26,BNL,16840.2,17150.0,16840.2,17150.0,17150.0,20.0,339902.0,BNL
2025-05-25,BNL,16900.0,16900.0,16505.0,16510.0,16510.0,55.0,917700.0,BNL
2025-05-22,BNL,17088.0,17100.0,16420.0,16840.0,16420.0,80.0,1356960.0,BNL
2025-05-21,BNL,17444.0,17444.0,16753.3,16753.3,16753.3,40.0,683885.0,BNL
2025-05-19,BNL,17800.0,17800.0,17800.0,17800.0,17800.0,40.0,712000.0,BNL
2025-05-15,BNL,17800.0,17800.0,17800.0,17800.0,17800.0,10.0,178000.0,BNL
2025-05-14,BNL,18071.2,18071.2,18070.0,18070.0,18070.0,210.0,3794940.0,BNL
2025-04-29,BNL,18440.0,18440.0,18440.0,18440.0,18440.0,10.0,184400.0,BNL
2025-04-23,BNL,17731.2,18450.0,17731.2,18450.0,18450.0,20.0,361812.0,BNL
2025-04-22,BNL,18093.0,18093.0,18093.0,18093.0,18093.0,10.0,180930.0,BNL
2025-04-21,BNL,17835.1,18000.0,17478.4,17739.2,18000.0,30.0,533135.0,BNL
2025-04-20,BNL,17494.0,18199.0,17494.0,18199.0,18199.0,30.0,535368.0,BNL
2025-04-17,BNL,17600.0,17600.0,17151.0,17151.0,17151.0,40.0,698440.0,BNL
2025-04-16,BNL,17952.0,17952.0,17952.0,17952.0,17952.0,10.0,179520.0,BNL
2025-04-15,BNL,17250.7,17600.0,17250.7,17600.0,17600.0,35.0,612457.0,BNL
2025-04-13,BNL,17575.0,17926.5,17575.0,17602.75,17580.0,60.0,1059125.0,BNL
2025-04-10,BNL,18375.0,18375.0,17647.4,17930.93,17800.0,81.0,1460187.0,BNL
2025-04-09,BNL,18000.0,19060.0,18000.0,18750.0,18750.0,100.0,1865752.0,BNL
2025-04-08,BNL,16533.5,17830.3,16533.5,17830.2,17830.2,100.0,1747184.0,BNL
2025-04-07,BNL,16217.1,16541.4,15580.0,16209.4,16209.4,80.0,1287665.0,BNL
2025-04-03,BNL,17228.3,17228.3,16548.0,16548.0,16548.0,50.0,844279.0,BNL
2025-04-02,BNL,19142.5,19142.5,17579.8,17579.8,17579.8,70.0,1271201.0,BNL
2025-03-30,BNL,19533.1,19533.1,19533.1,19533.1,19533.1,10.0,195331.0,BNL
2025-03-25,BNL,19931.69,19931.69,19931.69,19931.69,19931.69,10.0,199316.9,BNL
2025-03-12,BNL,20338.4,20338.4,20338.4,20338.4,,20.0,406768.0,BNL
2025-03-11,BNL,21176.9,21176.9,20753.4,20753.4,,50.0,1054610.0,BNL
2026-03-10,RBBD2088,1035.3,1056.0,1035.3,1056.0,1056.0,75.0,78587.5,RBBD2088
2026-03-03,RBBD2088,1055.0,1056.0,1055.0,1056.0,1056.0,50.0,52775.0,RBBD2088
2026-02-26,RBBD2088,1052.1,1052.1,1052.1,1052.1,1052.1,25.0,26302.5,RBBD2088
2026-02-25,RBBD2088,1049.1,1060.0,1049.1,1060.0,1060.0,125.0,131620.0,RBBD2088
2026-02-23,RBBD2088,1058.0,1058.0,1058.0,1058.0,1058.0,50.0,52900.0,RBBD2088
2026-02-17,RBBD2088,1050.0,1058.0,1050.0,1058.0,1058.0,125.0,132050.0,RBBD2088
2026-02-16,RBBD2088,1051.0,1051.0,1040.2,1040.2,1040.2,75.0,78555.0,RBBD2088
2026-02-12,RBBD2088,1051.0,1051.0,1051.0,1051.0,1051.0,100.0,105100.0,RBBD2088
2026-02-11,RBBD2088,1050.0,1051.3,1050.0,1051.3,1051.3,75.0,78782.5,RBBD2088
2026-02-10,RBBD2088,1051.3,1051.3,1051.3,1051.3,1051.3,20.0,21026.0,RBBD2088
2026-02-09,RBBD2088,1050.5,1051.3,1050.5,1051.3,1051.3,50.0,52545.0,RBBD2088
2026-02-08,RBBD2088,1046.3,1055.0,1046.3,1055.0,1055.0,50.0,52532.5,RBBD2088
2026-02-05,RBBD2088,1060.0,1060.0,1050.0,1050.0,1050.0,50.0,52750.0,RBBD2088
2026-02-04,RBBD2088,1050.0,1050.0,1050.0,1050.0,1050.0,25.0,26250.0,RBBD2088
2026-02-03,RBBD2088,1049.0,1049.0,1049.0,1049.0,1049.0,25.0,26225.0,RBBD2088
2026-02-02,RBBD2088,1055.0,1055.0,1055.0,1055.0,1055.0,25.0,26375.0,RBBD2088
2026-02-01,RBBD2088,1060.0,1060.0,1055.0,1055.0,1055.0,300.0,317750.0,RBBD2088
2026-01-29,RBBD2088,1058.0,1059.9,1058.0,1059.9,1059.9,375.0,397272.5,RBBD2088
2026-01-28,RBBD2088,1060.0,1060.0,1055.0,1056.2,1056.2,75.0,79280.0,RBBD2088
2026-01-26,RBBD2088,1054.0,1060.0,1054.0,1060.0,1060.0,175.0,185212.5,RBBD2088
2026-01-25,RBBD2088,1053.1,1053.1,1053.1,1053.1,1053.1,25.0,26327.5,RBBD2088
2026-01-21,RBBD2088,1040.0,1060.0,1040.0,1060.0,1060.0,75.0,79000.0,RBBD2088
2026-01-20,RBBD2088,1036.9,1057.7,1036.9,1051.5,1051.5,550.0,580475.0,RBBD2088
2026-01-18,RBBD2088,1055.0,1058.0,1055.0,1058.0,1058.0,75.0,79275.0,RBBD2088
2026-01-14,RBBD2088,1075.0,1080.0,1070.0,1075.0,1075.0,105.0,112875.0,RBBD2088
2026-01-12,RBBD2088,1080.0,1080.0,1075.0,1075.0,1075.0,75.0,80750.0,RBBD2088
2026-01-08,RBBD2088,1077.1,1077.1,1077.1,1077.1,1077.1,50.0,53855.0,RBBD2088
2026-01-07,RBBD2088,1085.0,1085.0,1080.1,1080.1,1080.1,100.0,108255.0,RBBD2088
2026-01-06,RBBD2088,1085.1,1085.1,1085.1,1085.1,1085.1,42.0,45574.2,RBBD2088
2026-01-05,RBBD2088,1083.0,1100.0,1077.0,1085.0,1085.0,125.0,136125.0,RBBD2088
2025-12-31,RBBD2088,1082.0,1096.0,1082.0,1083.0,1083.0,200.0,217235.0,RBBD2088
2025-12-29,RBBD2088,1080.0,1080.0,1080.0,1075.1,1075.1,5.0,5375.5,RBBD2088
2025-12-28,RBBD2088,1079.0,1080.0,1079.0,1080.0,1080.0,60.0,64775.0,RBBD2088
2025-12-24,RBBD2088,1076.1,1080.0,1076.1,1080.0,1080.0,75.0,80816.0,RBBD2088
2025-12-22,RBBD2088,1080.0,1080.0,1080.0,1080.0,1080.0,25.0,27000.0,RBBD2088
2025-12-21,RBBD2088,1075.0,1080.0,1075.0,1080.0,1080.0,235.0,253675.0,RBBD2088
2025-12-18,RBBD2088,1075.0,1075.0,1075.0,1075.0,1075.0,25.0,26875.0,RBBD2088
2025-12-17,RBBD2088,1065.3,1065.3,1065.3,1065.3,1065.3,50.0,53265.0,RBBD2088
2025-12-16,RBBD2088,1064.4,1064.4,1064.4,1064.4,1064.4,25.0,26610.0,RBBD2088
2025-12-14,RBBD2088,1074.6,1075.1,1070.5,1070.5,1070.5,275.0,295395.0,RBBD2088
2025-12-11,RBBD2088,1092.0,1092.0,1092.0,1092.0,1092.0,25.0,27300.0,RBBD2088
2025-12-10,RBBD2088,1076.0,1076.0,1074.0,1075.4,1075.4,95.0,102122.5,RBBD2088
2025-12-09,RBBD2088,1074.1,1076.1,1074.1,1076.1,1076.1,75.0,80657.5,RBBD2088
2025-12-08,RBBD2088,1070.1,1092.0,1070.1,1092.0,1092.0,157.0,170586.3,RBBD2088
2025-12-07,RBBD2088,1065.2,1086.5,1065.2,1070.1,1070.1,175.0,189063.0,RBBD2088
2025-12-03,RBBD2088,1084.0,1085.0,1074.1,1085.0,1085.0,180.0,194741.5,RBBD2088
2025-12-02,RBBD2088,1080.0,1080.0,1080.0,1080.0,1080.0,25.0,27000.0,RBBD2088
2025-12-01,RBBD2088,1070.0,1080.0,1070.0,1080.0,1080.0,195.0,210061.3,RBBD2088
2025-11-30,RBBD2088,1078.0,1080.0,1077.0,1077.0,1077.0,762.0,821606.0,RBBD2088
2025-11-27,RBBD2088,1063.1,1063.1,1063.1,1063.1,1063.1,25.0,26577.5,RBBD2088
2025-11-26,RBBD2088,1068.1,1074.5,1068.1,1074.5,1074.5,100.0,107272.7,RBBD2088
2025-11-25,RBBD2088,1065.0,1065.0,1062.1,1062.1,1062.1,75.0,79730.0,RBBD2088
2025-11-24,RBBD2088,1061.4,1067.0,1050.0,1065.0,1065.0,350.0,371770.0,RBBD2088
2025-11-23,RBBD2088,1060.0,1077.0,1060.0,1061.0,1061.0,580.0,623755.0,RBBD2088
2025-11-20,RBBD2088,1069.5,1069.5,1067.0,1068.1,1068.1,910.0,973102.0,RBBD2088
2025-11-18,RBBD2088,1067.0,1070.0,1056.0,1056.0,1056.0,150.0,159785.0,RBBD2088
2025-11-17,RBBD2088,1065.1,1066.0,1065.1,1066.0,1066.0,50.0,53277.5,RBBD2088
2025-11-16,RBBD2088,1065.1,1065.1,1057.1,1062.2,1062.2,75.0,79610.0,RBBD2088
2025-11-13,RBBD2088,1075.1,1075.1,1061.1,1065.0,1065.0,150.0,159855.0,RBBD2088
2025-11-12,RBBD2088,1065.0,1065.0,1064.0,1065.0,1065.0,625.0,665525.0,RBBD2088
2025-11-10,RBBD2088,1067.0,1075.0,1067.0,1067.0,1067.0,415.0,445525.0,RBBD2088
2025-11-06,RBBD2088,1067.0,1067.0,1067.0,1067.0,1067.0,25.0,26675.0,RBBD2088
2025-11-05,RBBD2088,1073.0,1073.0,1065.0,1065.0,1065.0,200.0,213800.0,RBBD2088
2025-11-03,RBBD2088,1070.0,1073.0,1070.0,1073.0,1073.0,355.0,380740.0,RBBD2088
2025-10-30,RBBD2088,1055.0,1055.0,1052.0,1052.0,1052.0,400.0,421539.0,RBBD2088
2025-10-29,RBBD2088,1060.0,1060.0,1060.0,1060.0,1060.0,25.0,26500.0,RBBD2088
2025-10-28,RBBD2088,1059.0,1059.0,1059.0,1059.0,1059.0,100.0,105900.0,RBBD2088
2025-10-26,RBBD2088,1042.0,1062.8,1042.0,1052.1,1052.1,125.0,132062.5,RBBD2088
2025-10-19,RBBD2088,1068.0,1070.0,1061.0,1061.0,1061.0,1100.0,1176725.0,RBBD2088
2025-10-15,RBBD2088,1059.0,1059.0,1051.0,1051.0,1051.0,70.0,73930.0,RBBD2088
2025-10-14,RBBD2088,1068.0,1068.0,1068.0,1068.0,1068.0,25.0,26700.0,RBBD2088
2025-10-13,RBBD2088,1037.0,1080.0,1037.0,1070.0,1070.0,1303.0,1402868.0,RBBD2088
2025-10-12,RBBD2088,1051.3,1051.3,1036.0,1037.0,1037.0,1257.0,1302954.5,RBBD2088
2025-10-07,RBBD2088,1068.0,1068.0,1068.0,1068.0,1068.0,460.0,491280.0,RBBD2088
2025-09-28,RBBD2088,1045.0,1050.0,1045.0,1050.0,1050.0,125.0,131125.0,RBBD2088
2025-09-25,RBBD2088,1050.0,1066.0,1050.0,1066.0,1066.0,1100.0,1171000.0,RBBD2088
2025-09-24,RBBD2088,1040.0,1040.0,1040.0,1040.0,1040.0,25.0,26000.0,RBBD2088
2025-09-23,RBBD2088,1042.0,1055.0,1040.0,1040.0,1040.0,225.0,235700.0,RBBD2088
2025-09-21,RBBD2088,1030.0,1063.0,1030.0,1063.0,1063.0,659.0,697704.0,RBBD2088
2025-09-08,RBBD2088,1030.0,1050.0,1030.0,1040.0,1040.0,195.0,203650.0,RBBD2088
2025-09-07,RBBD2088,1030.0,1063.0,1030.0,1050.0,1050.0,3460.0,3659289.0,RBBD2088
2025-09-04,RBBD2088,1025.0,1040.4,1020.0,1040.0,1040.0,169.0,174587.6,RBBD2088
2025-09-03,RBBD2088,1029.1,1037.9,1021.1,1037.9,1037.9,570.0,586071.5,RBBD2088
2025-09-02,RBBD2088,1000.0,1040.0,1000.0,1038.5,1040.0,1550.0,1590513.0,RBBD2088
2025-09-01,RBBD2088,1000.1,1000.1,1000.0,1000.0,1000.0,165.0,165010.0,RBBD2088
2025-08-31,RBBD2088,1000.0,1000.2,1000.0,1000.2,1000.2,115.0,115011.5,RBBD2088
2025-08-28,RBBD2088,990.1,1000.0,990.1,997.05,994.1,125.0,124457.5,RBBD2088
2025-08-27,RBBD2088,1001.0,1002.0,1000.0,1000.0,1000.0,315.0,315380.0,RBBD2088
2025-08-26,RBBD2088,999.6,999.6,999.6,999.6,999.6,25.0,24990.0,RBBD2088
2025-08-25,RBBD2088,985.0,1020.0,985.0,1020.0,1020.0,535.0,538867.0,RBBD2088
2025-08-24,RBBD2088,1000.0,1000.0,984.4,990.0,990.0,115.0,113455.5,RBBD2088
2025-08-21,RBBD2088,1000.0,1000.0,1000.0,1000.0,1000.0,39.0,39000.0,RBBD2088
2025-08-20,RBBD2088,985.2,999.9,985.2,999.83,999.9,307.0,306238.4,RBBD2088
2025-08-19,RBBD2088,981.7,985.1,981.7,985.1,985.1,90.0,88571.5,RBBD2088
2025-08-18,RBBD2088,967.6,990.5,967.6,990.5,990.5,305.0,299790.5,RBBD2088
2025-08-17,RBBD2088,980.2,980.2,980.1,980.2,980.2,250.0,245035.0,RBBD2088
2025-08-14,RBBD2088,986.3,988.0,985.5,986.0,986.0,175.0,172615.0,RBBD2088
2025-08-13,RBBD2088,975.3,986.1,975.3,986.1,986.1,50.0,49035.0,RBBD2088
2025-08-12,RBBD2088,978.8,982.1,978.0,982.0,982.0,200.0,196062.5,RBBD2088
2025-08-11,RBBD2088,980.0,995.0,980.0,995.0,995.0,315.0,310848.0,RBBD2088
2025-08-07,RBBD2088,990.0,990.0,978.6,978.9,978.9,375.0,367770.0,RBBD2088
2025-08-06,RBBD2088,971.2,982.6,970.2,982.57,982.5,250.0,244351.5,RBBD2088
2025-08-05,RBBD2088,967.6,996.0,967.6,990.0,990.0,210.0,206332.5,RBBD2088
2025-08-04,RBBD2088,1000.0,1000.0,982.1,982.1,982.1,35.0,34552.5,RBBD2088
2026-03-10,ALICL,489.0,489.6,462.0,480.0,480.0,122617.0,58592295.7,ALICL
2026-03-09,ALICL,461.0,488.9,461.0,480.0,480.0,3038.0,1470063.8,ALICL
2026-03-03,ALICL,446.0,454.5,445.3,452.0,452.0,33671.0,15191675.1,ALICL
2026-03-01,ALICL,440.0,451.0,438.0,448.0,448.0,32164.0,14391311.2,ALICL
2026-02-26,ALICL,442.1,447.0,440.0,443.0,443.0,21947.0,9703721.0,ALICL
2026-02-25,ALICL,443.0,450.0,440.0,444.3,444.3,59466.0,26550124.6,ALICL
2026-02-24,ALICL,438.0,441.0,435.0,439.0,439.0,29169.0,12751844.6,ALICL
2026-02-23,ALICL,437.0,440.0,435.2,436.2,436.2,25577.0,11172608.3,ALICL
2026-02-22,ALICL,440.1,444.0,437.0,437.0,437.0,37050.0,16290039.4,ALICL
2026-02-17,ALICL,446.0,447.9,440.0,442.8,442.8,68435.0,30260090.9,ALICL
2026-02-16,ALICL,451.0,451.0,439.0,447.0,447.0,35171.0,15564745.5,ALICL
2026-02-12,ALICL,440.0,448.0,440.0,445.9,445.9,66042.0,29305340.4,ALICL
2026-02-11,ALICL,477.3,485.0,448.0,461.0,461.0,112035.0,51940202.0,ALICL
2026-02-10,ALICL,466.0,479.9,456.7,468.0,468.0,99632.0,46499916.4,ALICL
2026-02-09,ALICL,480.0,483.0,471.3,471.3,471.3,69500.0,32966039.8,ALICL
2026-02-08,ALICL,486.0,489.0,477.3,479.9,479.9,49511.0,23889231.3,ALICL
2026-02-05,ALICL,483.0,483.0,475.0,480.0,480.0,35987.0,17167008.6,ALICL
2026-02-04,ALICL,467.5,480.5,467.5,474.1,474.1,25539.0,12152404.2,ALICL
2026-02-03,ALICL,475.0,482.7,474.3,477.0,477.0,26671.0,12694393.1,ALICL
2026-02-02,ALICL,481.9,482.0,475.0,479.0,479.0,34706.0,16568406.3,ALICL
2026-02-01,ALICL,473.5,482.9,473.0,473.0,473.0,21608.0,10252875.3,ALICL
2026-01-29,ALICL,476.2,485.0,473.0,477.0,477.0,48689.0,23275359.2,ALICL
2026-01-28,ALICL,476.0,484.8,476.0,477.0,477.0,48862.0,23361623.1,ALICL
2026-01-27,ALICL,484.4,489.9,479.5,480.2,480.2,58492.0,28278113.1,ALICL
2026-01-26,ALICL,491.1,492.0,483.0,488.4,488.4,65001.0,31732330.0,ALICL
2026-01-25,ALICL,490.0,495.0,488.0,491.5,491.5,82218.0,40368928.7,ALICL
2026-01-22,ALICL,488.0,490.0,483.5,488.0,488.0,34582.0,16779321.0,ALICL
2026-01-21,ALICL,494.4,494.4,486.2,487.7,487.7,42229.0,20625729.8,ALICL
2026-01-20,ALICL,486.8,495.0,485.8,490.0,490.0,75878.0,37183421.6,ALICL
2026-01-18,ALICL,474.9,481.9,474.9,480.7,480.7,54787.0,26214122.8,ALICL
2026-01-14,ALICL,482.0,485.0,473.6,473.7,473.7,87084.0,41680207.9,ALICL
2026-01-13,ALICL,472.0,481.0,472.0,476.0,476.0,70183.0,33544935.6,ALICL
2026-01-12,ALICL,472.9,476.7,469.5,472.0,472.0,40918.0,19378830.1,ALICL
2026-01-08,ALICL,465.0,471.9,462.5,471.9,471.9,50286.0,23458012.8,ALICL
2026-01-07,ALICL,463.1,468.8,461.3,465.0,465.0,26585.0,12338934.9,ALICL
2026-01-06,ALICL,468.0,469.0,465.0,465.0,465.0,47973.0,22390768.4,ALICL
2026-01-05,ALICL,461.9,467.0,460.4,466.0,466.0,26018.0,12064440.6,ALICL
2026-01-04,ALICL,463.0,464.7,460.2,461.9,461.9,30951.0,14310052.4,ALICL
2026-01-01,ALICL,470.0,470.0,465.0,465.5,465.5,41624.0,19460423.3,ALICL
2025-12-31,ALICL,463.2,471.0,463.2,467.8,467.8,56285.0,26310500.1,ALICL
2025-12-29,ALICL,463.0,470.0,458.3,464.5,464.5,35423.0,16394197.9,ALICL
2025-12-28,ALICL,456.0,468.5,456.0,468.5,468.5,34976.0,16215289.8,ALICL
2025-12-24,ALICL,447.0,460.0,447.0,457.0,457.0,19920.0,9096430.1,ALICL
2025-12-23,ALICL,456.0,462.0,454.1,456.0,456.0,23604.0,10796296.8,ALICL
2025-12-22,ALICL,461.6,462.8,454.1,456.9,456.9,38895.0,17795637.2,ALICL
2025-12-21,ALICL,464.0,467.0,459.1,461.6,461.6,48010.0,22149661.7,ALICL
2025-12-18,ALICL,470.0,474.0,464.1,464.8,464.8,33687.0,15686472.3,ALICL
2025-12-17,ALICL,474.0,474.0,466.0,469.5,469.5,30376.0,14208749.4,ALICL
2025-12-16,ALICL,474.0,488.8,462.1,468.2,468.2,30196.0,14225201.7,ALICL
2025-12-15,ALICL,462.2,466.0,462.0,465.0,465.0,28647.0,13273811.6,ALICL
2025-12-14,ALICL,464.0,468.0,460.1,461.9,461.9,28675.0,13288449.2,ALICL
2025-12-11,ALICL,460.8,467.1,460.7,464.5,464.5,30006.0,13932752.7,ALICL
2025-12-10,ALICL,473.9,473.9,462.0,464.4,464.4,31400.0,14578311.8,ALICL
2025-12-09,ALICL,459.0,469.0,459.0,465.0,465.0,37516.0,17459842.5,ALICL
2025-12-08,ALICL,451.0,469.0,451.0,460.0,460.0,55454.0,25549290.1,ALICL
2025-12-07,ALICL,463.0,472.2,456.5,460.0,460.0,47246.0,21735293.6,ALICL
2025-12-03,ALICL,473.4,476.0,463.6,465.0,465.0,48017.0,22455151.6,ALICL
2025-12-02,ALICL,470.0,480.0,468.5,473.4,473.4,53560.0,25264704.0,ALICL
2025-12-01,ALICL,480.1,483.9,476.0,479.5,479.5,42091.0,20133180.1,ALICL
2025-11-30,ALICL,476.3,495.0,476.3,482.9,482.9,74236.0,36156951.1,ALICL
2025-11-27,ALICL,493.0,493.0,481.4,486.0,486.0,58238.0,28387254.3,ALICL
2025-11-26,ALICL,486.0,498.0,486.0,491.0,491.0,77847.0,38227579.0,ALICL
2025-11-25,ALICL,495.0,495.7,480.0,493.8,493.8,119828.0,58843583.6,ALICL
2025-11-24,ALICL,465.7,493.9,465.7,493.8,493.8,168986.0,81634387.0,ALICL
2025-11-23,ALICL,450.0,470.0,450.0,465.7,465.7,88621.0,40951576.7,ALICL
2025-11-20,ALICL,445.1,452.9,445.1,448.0,448.0,28268.0,12685339.4,ALICL
2025-11-19,ALICL,442.0,459.1,442.0,451.0,451.0,55285.0,24891218.9,ALICL
2025-11-18,ALICL,450.1,458.8,445.1,451.0,451.0,60161.0,27212531.3,ALICL
2025-11-17,ALICL,457.9,457.9,446.1,450.0,450.0,80971.0,36518172.5,ALICL
2025-11-16,ALICL,463.0,463.0,452.2,452.5,452.5,31321.0,14256670.7,ALICL
2025-11-13,ALICL,472.0,472.0,457.2,457.2,457.2,37148.0,17078531.4,ALICL
2025-11-12,ALICL,460.1,473.9,459.6,465.0,465.0,28335.0,13082631.7,ALICL
2025-11-11,ALICL,471.0,473.0,460.0,467.8,467.8,31018.0,14383219.2,ALICL
2025-11-10,ALICL,462.3,471.2,460.0,464.0,464.0,44226.0,20599227.5,ALICL
2025-11-09,ALICL,472.0,473.8,465.7,468.2,468.2,17031.0,7954239.3,ALICL
2025-11-06,ALICL,465.5,479.8,465.0,473.2,473.2,59211.0,27912114.4,ALICL
2025-11-05,ALICL,478.0,482.0,469.0,474.9,474.9,47131.0,22260280.5,ALICL
2025-11-04,ALICL,500.0,500.0,485.3,487.0,487.0,18311.0,8994514.4,ALICL
2025-11-03,ALICL,494.0,502.0,490.0,501.0,501.0,28449.0,14086983.4,ALICL
2025-11-02,ALICL,485.0,500.0,476.0,499.0,499.0,82692.0,40482109.5,ALICL
2025-10-30,ALICL,458.0,484.0,458.0,477.0,477.0,39214.0,18578039.9,ALICL
2025-10-29,ALICL,465.0,469.6,457.2,459.0,459.0,17034.0,7871780.2,ALICL
2025-10-28,ALICL,446.0,468.0,446.0,463.1,463.1,15787.0,7249924.0,ALICL
2025-10-26,ALICL,440.1,447.0,440.1,445.6,445.6,3656.0,1620438.4,ALICL
2025-10-19,ALICL,445.0,451.8,442.0,447.0,447.0,10243.0,4561433.0,ALICL
2025-10-16,ALICL,444.2,452.0,444.2,448.0,448.0,7845.0,3501760.5,ALICL
2025-10-15,ALICL,450.0,453.8,444.0,448.0,448.0,5789.0,2596558.7,ALICL
2025-10-14,ALICL,450.8,466.0,430.0,452.0,452.0,9541.0,4332866.0,ALICL
2025-10-13,ALICL,442.0,461.0,442.0,460.0,460.0,30752.0,13936614.8,ALICL
2025-10-12,ALICL,459.0,459.0,442.5,449.4,449.4,33450.0,14923667.8,ALICL
2025-10-09,ALICL,463.0,481.0,456.6,461.8,461.8,16419.0,7567569.0,ALICL
2025-10-08,ALICL,460.0,460.0,451.2,454.0,454.0,4899.0,2228905.5,ALICL
2025-10-07,ALICL,473.0,473.0,458.0,466.4,466.4,20718.0,9561571.4,ALICL
2025-09-28,ALICL,469.7,479.4,469.7,473.0,473.0,7357.0,3479855.1,ALICL
2025-09-25,ALICL,470.0,478.0,469.0,478.0,478.0,10683.0,5037789.5,ALICL
2025-09-24,ALICL,475.0,483.0,470.4,475.0,475.0,7234.0,3427653.0,ALICL
2025-09-23,ALICL,481.0,485.0,475.0,478.0,478.0,13364.0,6444562.2,ALICL
2025-09-21,ALICL,453.6,484.0,444.6,480.46,484.0,42312.0,19630716.3,ALICL
2025-09-18,ALICL,462.8,462.8,462.8,462.8,462.8,220.0,101816.0,ALICL
2025-09-08,ALICL,477.0,479.0,471.0,472.22,473.1,11695.0,5551320.6,ALICL
2025-09-07,ALICL,479.1,485.0,476.0,479.37,480.0,7494.0,3590364.5,ALICL
2025-09-04,ALICL,480.2,484.0,478.5,480.24,481.0,14943.0,7177802.8,ALICL
2025-09-03,ALICL,481.2,484.4,480.5,481.05,481.0,17001.0,8189053.1,ALICL
2025-09-02,ALICL,486.0,489.0,480.6,480.95,482.8,25419.0,12252981.5,ALICL
2025-09-01,ALICL,495.3,495.3,483.0,485.24,486.0,9597.0,4652627.1,ALICL
2025-08-31,ALICL,490.0,494.0,480.1,485.65,487.1,18169.0,8808812.9,ALICL
2025-08-28,ALICL,493.0,507.0,490.0,490.37,496.5,19572.0,9664370.7,ALICL
2025-08-27,ALICL,487.0,503.9,487.0,502.28,503.9,31312.0,15558084.7,ALICL
2025-08-26,ALICL,495.0,495.0,484.4,491.03,491.8,9539.0,4664755.3,ALICL
2025-08-25,ALICL,487.0,493.0,484.2,491.27,492.0,12385.0,6056378.8,ALICL
2025-08-24,ALICL,478.8,489.9,478.8,486.1,485.5,27800.0,13499573.5,ALICL
2025-08-21,ALICL,478.0,490.0,478.0,488.57,488.0,18981.0,9257709.6,ALICL
2025-08-20,ALICL,485.0,490.0,481.0,486.0,486.5,14053.0,6818271.1,ALICL
2025-08-19,ALICL,484.0,493.0,484.0,484.93,485.0,31799.0,15509162.3,ALICL
2025-08-18,ALICL,481.1,488.8,481.1,483.55,484.0,20034.0,9705369.1,ALICL
2025-08-17,ALICL,501.0,501.0,483.7,485.11,486.0,31293.0,15234974.1,ALICL
2025-08-14,ALICL,491.9,493.0,487.2,491.78,492.4,22428.0,11000652.7,ALICL
2025-08-13,ALICL,494.9,496.0,486.0,490.98,493.0,44103.0,21695819.6,ALICL
2025-08-12,ALICL,496.0,496.0,486.5,487.88,487.2,20920.0,10220166.5,ALICL
2025-08-11,ALICL,500.0,509.0,490.0,491.68,491.2,31558.0,15653428.9,ALICL
2025-08-07,ALICL,497.2,502.0,496.3,499.91,500.0,13889.0,6948940.6,ALICL
2025-08-06,ALICL,501.1,504.8,498.0,498.2,499.0,16310.0,8152117.1,ALICL
2025-08-05,ALICL,511.9,511.9,498.0,500.0,500.0,27694.0,13877757.7,ALICL
2025-08-04,ALICL,514.5,514.5,500.0,505.23,506.0,26482.0,13344752.6,ALICL
2025-08-03,ALICL,517.0,520.0,500.3,505.3,506.5,34694.0,17622751.6,ALICL
2025-07-31,ALICL,531.0,531.0,516.0,516.58,517.0,30999.0,16117144.0,ALICL
2025-07-30,ALICL,516.1,540.0,516.1,522.87,528.0,42257.0,22141109.9,ALICL
2025-07-29,ALICL,531.5,537.0,525.0,526.63,530.0,80840.0,42888025.2,ALICL
2025-07-28,ALICL,530.0,538.9,520.1,527.14,525.0,63316.0,33290289.4,ALICL
2025-07-27,ALICL,545.0,549.0,532.0,533.48,532.0,84624.0,45634109.0,ALICL
2025-07-24,ALICL,548.0,548.0,533.1,538.53,537.8,104627.0,56278095.6,ALICL
2025-07-23,ALICL,549.8,550.0,533.0,538.26,539.9,85321.0,46097199.7,ALICL
2025-07-22,ALICL,519.9,545.0,519.9,541.77,543.8,110093.0,58797010.0,ALICL
2025-07-21,ALICL,518.5,523.0,515.0,519.91,522.0,67185.0,34881992.2,ALICL
2025-07-20,ALICL,519.8,530.0,513.7,518.3,520.0,193517.0,101360310.9,ALICL
2025-07-17,ALICL,505.0,516.0,500.0,513.4,513.0,107474.0,55075084.1,ALICL
2025-07-16,ALICL,493.5,510.8,493.5,498.36,510.0,165956.0,82702317.6,ALICL
2025-07-15,ALICL,500.0,500.0,488.3,491.92,493.0,86690.0,42578121.3,ALICL
2025-07-14,ALICL,503.0,503.0,489.9,490.38,495.7,90841.0,44679808.1,ALICL
2025-07-13,ALICL,509.7,509.7,498.6,499.79,500.5,55831.0,27979398.2,ALICL
2025-07-10,ALICL,500.0,505.9,498.0,499.71,499.8,15764.0,7882619.4,ALICL
2025-07-09,ALICL,503.0,505.7,497.1,499.64,500.0,25793.0,12882837.8,ALICL
2025-07-08,ALICL,500.0,503.0,496.7,499.41,499.2,14604.0,7295201.0,ALICL
2025-07-07,ALICL,510.1,510.1,495.0,499.75,500.0,39615.0,19749083.7,ALICL
2025-07-06,ALICL,519.0,519.9,499.9,500.12,500.0,122839.0,62075885.1,ALICL
2025-07-03,ALICL,527.9,545.0,525.0,538.44,537.0,153206.0,82176191.2,ALICL
2025-07-02,ALICL,503.0,520.0,502.1,517.63,518.0,42747.0,21889588.0,ALICL
2025-07-01,ALICL,500.0,503.0,496.0,501.56,501.3,14458.0,7247611.9,ALICL
2025-06-30,ALICL,499.0,499.0,495.4,496.82,498.0,16406.0,8153374.7,ALICL
2025-06-29,ALICL,493.0,497.8,490.0,496.38,497.5,14183.0,7002684.6,ALICL
2025-06-26,ALICL,484.8,501.0,484.8,493.75,493.6,94745.0,47298608.6,ALICL
2025-06-25,ALICL,500.0,500.0,493.0,494.65,497.0,18654.0,9253520.0,ALICL
2025-06-24,ALICL,501.0,502.0,492.0,493.61,495.0,18574.0,9218897.3,ALICL
2025-06-23,ALICL,500.0,500.0,495.1,497.99,497.0,9486.0,4720502.7,ALICL
2025-06-22,ALICL,500.0,501.0,495.5,498.12,497.0,96008.0,47824429.0,ALICL
2025-06-19,ALICL,500.0,502.0,497.0,499.84,498.0,26755.0,13331890.1,ALICL
2025-06-18,ALICL,495.2,504.0,495.2,500.28,500.0,14101.0,7051236.9,ALICL
2025-06-17,ALICL,506.0,506.9,497.0,498.13,498.0,11470.0,5728671.7,ALICL
2025-06-16,ALICL,500.0,504.9,496.0,499.94,504.0,38337.0,19173713.0,ALICL
2025-06-15,ALICL,501.0,502.0,498.0,499.96,500.0,12992.0,6484958.4,ALICL
2025-06-12,ALICL,505.0,505.0,498.0,500.56,500.0,17583.0,8790885.2,ALICL
2025-06-11,ALICL,500.2,507.8,499.0,499.21,500.0,56632.0,28393774.3,ALICL
2025-06-10,ALICL,502.0,509.9,499.9,501.75,503.0,79090.0,39656738.2,ALICL
2025-06-09,ALICL,500.0,504.8,497.8,498.9,499.8,23371.0,11684708.7,ALICL
2025-06-08,ALICL,510.0,510.0,493.0,494.91,494.0,27045.0,13470673.3,ALICL
2025-06-05,ALICL,508.0,510.0,500.0,501.64,501.0,24031.0,12068122.9,ALICL
2025-06-04,ALICL,516.0,516.0,507.3,508.75,508.9,14392.0,7347049.9,ALICL
2025-06-03,ALICL,521.0,521.0,515.0,516.0,515.0,18996.0,9831095.8,ALICL
2025-06-02,ALICL,530.4,539.0,518.0,521.09,520.1,43941.0,22978953.6,ALICL
2025-05-28,ALICL,715.0,715.0,694.0,696.44,699.0,238361.0,166744826.3,ALICL
2025-05-27,ALICL,717.0,718.0,709.3,710.33,709.3,48574.0,34647045.4,ALICL
2025-05-26,ALICL,725.0,730.0,715.0,715.95,715.5,51291.0,36774664.1,ALICL
2025-05-25,ALICL,730.0,738.0,714.0,716.37,716.5,88174.0,63412246.4,ALICL
2025-05-22,ALICL,749.0,749.0,725.0,726.15,727.0,52166.0,38115614.0,ALICL
2025-05-21,ALICL,744.9,759.0,728.5,734.34,738.9,76381.0,56337151.2,ALICL
2025-05-20,ALICL,718.0,732.0,714.0,730.34,731.4,27001.0,19487808.2,ALICL
2025-05-19,ALICL,724.0,724.0,713.0,718.63,718.9,21407.0,15359716.4,ALICL
2025-05-18,ALICL,722.2,724.5,710.0,711.84,714.9,31631.0,22634926.4,ALICL
2025-05-15,ALICL,722.0,727.9,713.2,718.74,721.9,13151.0,9463091.3,ALICL
2025-05-14,ALICL,725.2,732.0,720.0,721.27,724.0,13265.0,9585733.5,ALICL
2025-05-13,ALICL,735.0,738.0,728.0,728.48,730.0,22102.0,16178014.8,ALICL
2025-05-11,ALICL,739.9,753.0,720.0,723.65,725.1,103761.0,76045120.1,ALICL
2025-05-08,ALICL,736.0,748.0,725.0,725.41,725.0,20019.0,14608517.2,ALICL
2025-05-07,ALICL,732.0,738.0,719.5,736.57,738.0,32559.0,23811187.9,ALICL
2025-05-06,ALICL,724.0,729.8,717.0,722.59,724.0,23629.0,17076184.4,ALICL
2025-05-05,ALICL,738.9,738.9,723.0,723.86,723.0,10134.0,7340903.7,ALICL
2025-05-04,ALICL,737.0,739.0,725.0,725.64,728.0,42961.0,31503009.3,ALICL
2025-04-30,ALICL,717.0,732.0,717.0,723.77,728.0,30398.0,22114403.8,ALICL
2025-04-29,ALICL,717.0,730.0,717.0,722.25,728.0,48728.0,35239525.1,ALICL
2025-04-28,ALICL,730.0,732.0,721.0,721.6,721.1,27064.0,19607136.4,ALICL
2025-04-27,ALICL,722.0,729.5,720.0,721.45,725.0,21791.0,15743739.9,ALICL
2025-04-24,ALICL,720.0,730.0,720.0,723.32,723.0,17388.0,12580921.5,ALICL
2025-04-23,ALICL,747.9,747.9,719.0,723.18,727.0,73779.0,53240283.0,ALICL
2025-04-22,ALICL,731.1,745.7,731.0,733.58,737.0,24125.0,17727922.9,ALICL
2025-04-21,ALICL,724.8,746.5,724.8,741.82,742.8,25505.0,18881951.6,ALICL
2025-04-20,ALICL,732.3,750.0,717.7,739.51,744.9,19702.0,14624461.3,ALICL
2025-04-17,ALICL,760.0,760.0,746.5,747.21,747.0,31350.0,23518934.0,ALICL
2025-04-16,ALICL,749.0,762.0,735.0,746.53,749.0,20485.0,15290150.1,ALICL
2025-04-15,ALICL,741.0,750.5,730.0,747.9,750.0,19580.0,14638887.9,ALICL
2025-04-13,ALICL,746.0,746.0,737.5,741.0,742.9,14833.0,10993486.1,ALICL
2025-04-10,ALICL,750.0,752.0,741.2,746.91,749.9,15135.0,11316413.7,ALICL
2025-04-09,ALICL,752.0,755.0,746.0,748.48,750.0,20061.0,15036410.3,ALICL
2025-04-08,ALICL,749.0,750.0,737.1,745.59,747.0,23763.0,17632262.1,ALICL
2025-04-07,ALICL,778.0,779.0,751.0,755.28,756.0,25274.0,19124785.2,ALICL
2025-04-03,ALICL,768.0,777.8,763.0,768.37,770.0,75188.0,57993639.2,ALICL
2025-04-02,ALICL,770.0,771.0,758.0,762.47,764.0,48396.0,36943373.1,ALICL
2025-04-01,ALICL,770.0,774.0,752.3,758.99,762.0,39595.0,30147793.3,ALICL
2025-03-30,ALICL,758.0,775.3,758.0,769.6,770.9,87771.0,67434722.5,ALICL
2025-03-27,ALICL,726.0,761.0,726.0,757.9,761.0,37119.0,27662728.5,ALICL
2025-03-26,ALICL,718.0,730.9,715.0,728.13,729.0,17234.0,12420630.4,ALICL
2025-03-25,ALICL,726.2,726.2,717.0,717.57,718.9,17781.0,12786329.9,ALICL
2025-03-24,ALICL,720.5,737.5,720.5,726.21,730.0,21162.0,15454860.5,ALICL
2025-03-23,ALICL,726.2,732.0,716.0,719.43,727.0,26189.0,18989003.6,ALICL
2025-03-20,ALICL,743.0,743.0,736.0,737.41,737.0,20307.0,14998323.8,ALICL
2025-03-19,ALICL,746.4,751.9,735.0,738.9,,24607.0,18305079.8,ALICL
2025-03-18,ALICL,760.0,760.0,745.5,746.0,,24107.0,18099663.3,ALICL
2025-03-17,ALICL,752.0,762.9,745.4,745.4,,29347.0,22056300.9,ALICL
2025-03-16,ALICL,770.0,770.0,752.0,753.0,,22785.0,17253625.8,ALICL
2025-03-12,ALICL,780.0,780.0,758.5,770.0,,19460.0,14908297.5,ALICL
2025-03-11,ALICL,755.2,770.0,755.0,764.8,,20276.0,15486398.1,ALICL
