Symbol,CDS Total,CDS Free,NAASA,Close Price,Value as of CP,LTP,Value as of LTP,Day Profit,Action
BNHC,2,2,2,274.60,549.20,274.00,548.00,-1.20,"S
B"
CHCL,3,3,3,348.80,"1,046.40",341.70,"1,025.00",-21.40,"S
B"
HFIN,10,10,10,584.00,"5,840.00",581.90,"5,819.00",-21.00,"S
B"
MEN,5,5,5,636.00,"3,180.00",638.00,"3,190.00",10.00,"S
B"
NGPL,2,2,2,396.10,792.20,396.70,793.00,0.80,"S
B"
NIBSF2,100,100,100,8.57,857.00,8.63,863.00,6.00,"S
B"
NLIC,2,2,2,727.80,"1,455.60",727.90,"1,456.00",0.40,"S
B"
NMB,2,2,2,254.30,508.60,255.50,511.00,2.40,"S
B"
PCIL,80,0,0,616.29,0.00,617.20,0.00,0.00,"S
B"
RLEL,10,10,10,717.00,"7,170.00",740.90,"7,409.00",239.00,"S
B"
SOHL,10,10,10,638.00,"6,380.00",630.00,"6,300.00",-80.00,"S
B"
SWBBL,7,7,7,700.00,"4,900.00",695.10,"4,866.00",-34.00,"S
B"
UAIL,9,9,9,366.30,"3,296.70",365.20,"3,287.00",-9.70,"S
B"
UHEWA,20,20,20,584.00,"11,680.00",586.00,"11,720.00",40.00,"S
B"
